Movie_ID,Title,Year,Genre,index
34759,Aaghaaz ,2000,Thriller,0
34760,Aaj Ka Ravan,2000,Drama,1
34761,Anjaane,2000,Romance,2
34762,Anokha Moti,2000,Family,3
34763,Apradhi Kaun,2000,Thriller,4
34764,Astitva,2000,"Drama, Social",5
34765,Baaghi,2000,Action,6
34766,Badal,2000,"Action, Drama",7
34767,Bas Yaari Rakho,2000,"Comedy, Drama",8
34768,Bawandar,2000,Drama,9
34769,Beti No.1,2000,Comedy,10
34770,Bhai Thakur,2000,Action,11
34771,Bichhoo,2000,Action,12
34772,Billa No. 786,2000,Action,13
34773,Bulandi,2000,Drama,14
34774,Chal Mere Bhai,2000,Comedy,15
34775,Champion,2000,"Action, Drama",16
34776,Dahshat,2000,Horror,17
34777,Deewane,2000,"Action, Romance",18
34778,Dhai Akshar Prem Ke,2000,"Romance, Drama",19
34779,Dhadkan,2000,"Romance, Drama",20
34780,Dil Ki Dhadkan,2000,,21
34781,Dil Pe Mat Le Yaar,2000,Drama,22
34782,Dr. Babasaheb Ambedkar,2000,,23
34783,Dr Mukta,2000,,24
34784,Dulhan Hum Le Jayenge,2000,"Comedy, Romance",25
34785,Fiza,2000,"Drama, Family, Thriller",26
34786,Gaja Gamini,2000,Drama,27
34787,Gang,2000,Crime,28
34788,Ghaath,2000,Drama,29
34789,Hadh Kar Di Aapne,2000,"Comedy, Romance",30
34790,Hamara Dil Aapke Paas Hai,2000,Drama,31
34791,Har Dil Jo Pyar Karega,2000,"Comedy, Drama, Romance",32
34792,Hari-Bhari,2000,,33
34793,Hera Pheri,2000,Comedy,34
34794,Hey Ram,2000,Drama,35
34795,Hum To Mohabbat Karega,2000,"Action, Romance",36
34796,Jallad No. 1,2000,Drama,37
34797,Jis Desh Mein Ganga Rehta Hain,2000,Drama,38
34798,Joru Ka Ghulam,2000,Drama,39
34799,Josh,2000,"Action, Romance",40
34800,Jung,2000,Drama,41
34801,Jungle,2000,Romance,42
34802,Kabrastan,2000,Horror,43
34803,Kahin Pyaar Na Ho Jaaye,2000,"Comedy, romance",44
34804,Kaho Naa... Pyaar Hai,2000,"Romance, Drama, Musical",45
34805,Kairee,2000,Drama,46
34806,Karobaar: The Business of Love,2000,Drama,47
34807,Kharidaar,2000,,48
34808,Khauff,2000,Drama,49
34809,Khiladi 420,2000,"Action, romance",50
34810,Krodh,2000,Action,51
34811,Kunwara,2000,Comedy,52
34812,Kurukshetra,2000,"Action, romance",53
34813,Kya Kehna,2000,"Romance, drama",54
34814,Le Chal Apne Sang,2000,Romance,55
34815,Lekroo,2000,,56
34816,Mela,2000,Drama,57
34817,Meri Jung Ka Elaan,2000,Drama,58
34818,Mission Kashmir,2000,"Drama, War, Thriller",59
34819,Mohabbatein,2000,"Drama, Romance, Musical, Family",60
34820,Nidaan,2000,Drama,61
34821,Papa the Great,2000,Family,62
34822,Phir Bhi Dil Hai Hindustani,2000,"Comedy, Drama, Romance, Musical",63
34823,The Prince of Light,2000,,64
34824,Pukar,2000,Drama,65
34825,Raja Ko Rani Se Pyar Ho Gaya,2000,"Comedy, Musical",66
34826,Raju Chacha,2000,Comedy,67
34827,Refugee,2000,"Drama, Romance",68
34828,The Revenge: Geeta Mera Naam,2000,,69
34829,Saanjh,2000,,70
34830,Second Generation,2000,,71
34831,Shikaar,2000,,72
34832,Shikari,2000,"Thriller, Action, Romance",73
34833,Snip!,2000,,74
34834,Sultaan,2000,,75
34835,Tapish,2000,,76
34836,Tarkieb,2000,"Suspense, Thriller",77
34837,Tera Jadoo Chal Gayaa,2000,Romance,78
34838,Tere Liye,2000,,79
34839,Tune Mera Dil Le Liyaa,2000,,80
34840,Zindagi Zindabad,2000,,81
34841,Abhay,2001,"Thriller
",82
34842,Aamdani Atthanni Kharcha Rupaiya,2001,"Family Drama
",83
34843,Aashiq,2001,"Action Comedy
",84
34844,Ajnabee,2001,"Thriller, Suspense, Crime
",85
34845,Aks,2001,"Thriller, Horror
",86
34846,Albela,2001,"Romance
",87
34847,Asoka,2001,"History
",88
34848,Bas Itna Sa Khwaab Hai,2001,"Drama, Romance, Social
",89
34849,Bengal Tiger,2001,"Action
",90
34850,Bhairav,2001,"
",91
34851,Censor,2001,"
",92
34852,Chandni Bar,2001,"Drama
",93
34853,Chhupa Rustam: A Musical Thriller,2001,"Thriller
",94
34854,Chori Chori Chupke Chupke,2001,"Drama, Romance, Musical, Social
",95
34855,Daman,2001,"Drama
",96
34856,Dattak,2001,"
",97
34857,Deewaanapan,2001,"Drama, Romance
",98
34858,Dil Chahta Hai,2001,"Drama, Comedy, Romance, Musical
",99
34859,Dil Ne Phir Yaad Kiya,2001,"Romance
",100
34860,Divya Drishti,2001,"
",101
34861,Ehsaas: The Feeling,2001,"Drama
",102
34862,Ek Rishtaa: The Bond of Love,2001,"Family Drama
",103
34863,Farz,2001,"Action, Romance
",104
34864,Gadar: Ek Prem Katha,2001,"Drama, War, Romance, Action
",105
34865,Grahan,2001,"Romance
",106
34866,Hadh: Life on the Edge of Death,2001,"
",107
34867,Hum Ho Gaye Aapke,2001,"Romance
",108
34868,Indian,2001,"Action
",109
34869,Ittefaq,2001,"Action, Drama, Thriller
",110
34870,Jodi No.1,2001,"Comedy
",111
34871,Kabhi Khushi Kabhie Gham...,2001,"Drama, Romance, Family
",112
34872,Kasam,2001,"Action
",113
34873,Kasoor,2001,"Thriller
",114
34874,Kuch Khatti Kuch Meethi,2001,"Comedy, Drama
",115
34875,Kyo Kii Main Jhuth Nahin Bolta,2001,"Comedy, Romance
",116
34876,Lagaan: Once Upon a Time in India,2001,"Drama, Musical, Social
",117
34877,Lajja,2001,"Drama, Romance, Musical, Crime
",118
34878,Love Ke Liye Kuchh Bhi Karega,2001,"Comedy
",119
34879,Maya,2001,"
",120
34880,Mitti,2001,"
",121
34881,Moksha,2001,"Drama
",122
34882,Mujhe Kucch Kehna Hai,2001,"Comedy
",123
34883,Mujhe Meri Biwi Se Bachaao,2001,"Comedy, Family
",124
34884,Nayak,2001,"Drama
",125
34885,Officer,2001,"Action
",126
34886,One 2 Ka 4,2001,"Action, Romance
",127
34887,Paagalpan,2001,"Romance
",128
34888,Pyaar Ishq Aur Mohabbat,2001,"Romance
",129
34889,Pyaar Tune Kya Kiya,2001,"Drama, Romance, Thriller
",130
34890,Pyaar Zindagi Hai,2001,"
",131
34891,Rahul,2001,"Drama
",132
34892,Rehnaa Hai Terre Dil Mein,2001,"Romance
",133
34893,Shirdi Sai Baba,2001,"
",134
34894,Style,2001,"Romance
",135
34895,Tamboo Mein Bamoo,2001,"
",136
34896,Tera Mera Saath Rahen,2001,"Drama
",137
34897,Tum Bin,2001,"Romance
",138
34898,Veer Savarkar,2001,"
",139
34899,Yaadein,2001,"Romance, Drama
",140
34900,Yeh Raaste Hain Pyaar Ke,2001,"Drama
",141
34901,Yeh Teraa Ghar Yeh Meraa Ghar,2001,"Drama
",142
34902,Yeh Zindagi Ka Safar,2001,"
",143
34903,Zubeidaa,2001,"Drama
",144
34904,16-Dec,2002,"Action
",145
34905,23rd March 1931: Shaheed,2002,"Historical Drama
",146
34906,Aankhen,2002,"Thriller, Action
",147
34907,Aap Mujhe Achche Lagne Lage,2002,"Romance, Drama
",148
34908,Ab Ke Baras,2002,"Romance, Drama
",149
34909,Agni Varsha,2002,"Historical
",150
34910,Akhiyon Se Goli Maare,2002,"Comedy
",151
34911,Annarth,2002,"Action, Thriller
",152
34912,Ansh: The Deadly Part,2002,"Action, Thriller
",153
34913,Awara Paagal Deewana,2002,"Action, Comedy
",154
34914,Baaja,2002,"Children's
",155
34915,Be-Lagaam,2002,"Action
",156
34916,Badhaai Ho Badhaai,2002,"Comedy, Drama
",157
34917,Bollywood Queen,2002,"
",158
34918,Bomb the System,2002,"
",159
34919,Chalo Ishq Ladaaye,2002,"Comedy
",160
34920,Chor Machaaye Shor,2002,"Comedy, Romance, Crime
",161
34921,Company,2002,"Crime, Drama
",162
34922,Deewangee,2002,"Thriller
",163
34923,Desh Devi,2002,"
",164
34924,Devdas,2002,"Romance, Drama, Musical, Historical
",165
34925,Dil Hai Tumhaara,2002,"Family, Romance, Drama
",166
34926,Dil Vil Pyar Vyar,2002,"Romance, Drama
",167
34927,Ek Chhotisi Love Story,2002,"Erotic
",168
34928,Encounter: The Killing,2002,"
",169
34929,Filhaal,2002,"Drama
",170
34930,Ghaav: The Wound,2002,"
",171
34931,Gunaah,2002,"Thriller, Romance
",172
34932,Haan Maine Bhi Pyaar Kiya,2002,"Drama, Romance
",173
34933,Hathyar,2002,"Drama
",174
34934,Hum Kisise Kum Nahin,2002,"Action, Comedy
",175
34935,Hum Pyar Tumhi Se Kar Baithe,2002,"Romance
",176
34936,Hum Tumhare Hain Sanam,2002,"Drama, Romance
",177
34937,Humraaz,2002,"Thriller, Romance, Musical
",178
34938,Jaani Dushman: Ek Anokhi Kahani,2002,"Fantasy
",179
34939,Jang Aur Aman,2002,"
",180
34940,Jeena Sirf Merre Liye,2002,"Romance
",181
34941,Kaante,2002,"Action, Thriller
",182
34942,Kabhie Tum Kabhie Hum,2002,"
",183
34943,Karz: The Burden of Truth,2002,"Action, Thriller
",184
34944,Kehtaa Hai Dil Baar Baar,2002,"
",185
34945,Kitne Door Kitne Paas,2002,"Romance, Drama, Comedy
",186
34946,Koi Mere Dil Se Poochhe,2002,"Drama, Romance, Social
",187
34947,Kranti,2002,"
",188
34948,Kuch Tum Kaho Kuch Hum Kahein,2002,"Romance
",189
34949,Kya Yehi Pyaar Hai,2002,"
",190
34950,Kyaa Dil Ne Kahaa,2002,"Romance
",191
34951,Lal Salaam,2002,"
",192
34952,Maa Tujhhe Salaam,2002,"Drama
",193
34953,Maine Dil Tujhko Diya,2002,"Action, Romance
",194
34954,Makdee,2002,"
",195
34955,Maseeha,2002,"Action
",196
34956,Mere Yaar Ki Shaadi Hai,2002,"Romance
",197
34957,"Mitr, My Friend",2002,"Drama
",198
34958,Mohabbat Ho Gayi Hai Tumse,2002,"
",199
34959,Mujhse Dosti Karoge!,2002,"Romance, Drama, Comedy, Musical
",200
34960,Mulaqaat,2002,"
",201
34961,Na Tum Jaano Na Hum,2002,"Romance, Drama
",202
34962,Nishad,2002,"
",203
34963,Om Jai Jagadish,2002,"Family, Drama, Social
",204
34964,Pitaah,2002,"
",205
34965,Pyaar Diwana Hota Hai,2002,"Romance
",206
34966,Pyar Ki Dhun,2002,"
",207
34967,Pyaasa,2002,"Action, Crime
",208
34968,Raaz,2002,"Horror, Thriller, Romance, Musical
",209
34969,Rishtey,2002,"Drama, Family
",210
34970,Road,2002,"Thriller
",211
34971,Saathiya,2002,"Drama, Romance, Social, Musical
",212
34972,Shaheed-E-Azam,2002,"Historical, Drama
",213
34973,Shakti - The Power,2002,"Drama
",214
34974,Shararat,2002,"Comedy, Drama
",215
34975,Soch,2002,"
",216
34976,Sur: The Melody of Life,2002,"Musical
",217
34977,The Legend of Bhagat Singh,2002,"Historical, Drama
",218
34978,Tumko Na Bhool Paayenge,2002,"Drama
",219
34979,Tum Se Achcha Kaun Hai,2002,"
",220
34980,Waah! Tera Kya Kehna,2002,"
",221
34981,Yeh Dil Aashiqanaa,2002,"
",222
34982,Yeh Hai Jalwa,2002,"Comedy
",223
34983,Yeh Kaisi Mohabbat,2002,"
",224
34984,Yeh Kya Ho Raha Hai?,2002,"Comedy, Romance
",225
34985,Yeh Mohabbat Hai,2002,"
",226
34986,Zindagi Khoobsoorat Hai,2002,"
",227
34987,3 Deewarein,2003,"Drama
",228
34988,88 Antop Hill,2003,"Thriller
",229
34989,Aaj Ka Andha Kanoon,2003,"
",230
34990,Aanch,2003,"
",231
34991,Aapko Pehle Bhi Kahin Dekha Hai,2003,"Romance
",232
34992,Aisaa Kyon,2003,"
",233
34993,Andaaz,2003,"Romance
",234
34994,Armaan,2003,"Drama, Family
",235
34995,Baap Ka Baap,2003,"
",236
34996,Baaz: A Bird in Danger,2003,"Thriller
",237
34997,Baghban,2003,"Drama, Family
",238
34998,Bas Yun Hi,2003,"Drama
",239
34999,Basti,2003,"Action
",240
35000,Bhoot,2003,"Horror
",241
35001,Boom,2003,"Thriller
",242
35002,Butterfly,2003,"
",243
35003,The Bypass,2003,"
",244
35004,Calcutta Mail,2003,"Drama
",245
35005,Chalte Chalte,2003,"Drama, Romance, Comedy, Musical
",246
35006,Chori Chori,2003,"Romance
",247
35007,Chupke Se,2003,"
",248
35008,Chura Liyaa Hai Tumne,2003,"Action, Drama, Romance, Thriller
",249
35009,Dabdaba,2003,"
",250
35010,Danav,2003,"
",251
35011,Darna Mana Hai,2003,"Horror, Thriller
",252
35012,Dhoop,2003,"
",253
35013,Dhund,2003,"
",254
35014,Dil Ka Rishta,2003,"Drama, Romance
",255
35015,Dil Pardesi Ho Gayaa,2003,"Romance
",256
35016,Dum,2003,"Action, Drama, Romance
",257
35017,Ek Alag Mausam,2003,"
",258
35018,Ek Aur Ek Gyarah,2003,"Comedy
",259
35019,Ek Din 24 Ghante,2003,"
",260
35020,Escape from Taliban,2003,"Drama
",261
35021,Final Solution,2003,"
",262
35022,Footpath,2003,"Drama
",263
35023,Fun2shh... Dudes in the 10th Century,2003,"
",264
35024,Gangaajal,2003,"Drama, Social
",265
35025,Green Card Fever,2003,"Drama
",266
35026,Haasil,2003,"Drama
",267
35027,Hawa,2003,"Horror
",268
35028,Hawayein,2003,"
",269
35029,The Hero: Love Story of a Spy,2003,"Drama, Action, Thriller
",270
35030,Humein Tumse Pyar Ho Gaya Chupke Chupke,2003,"
",271
35031,Hungama,2003,"Comedy
",272
35032,Indian Babu,2003,"
",273
35033,Inteha,2003,"Drama, Thriller
",274
35034,Ishq Vishk,2003,"Romance
",275
35035,Jaal: The Trap,2003,"Action, Romance
",276
35036,Jajantaram Mamantaram,2003,"
",277
35037,Janasheen,2003,"Thriller
",278
35038,Jhankaar Beats,2003,"Drama, Musical
",279
35039,Jism,2003,"Drama, Romance, Thriller
",280
35040,Jodi Kya Banayi Wah Wah Ramji,2003,"
",281
35041,Joggers Park,2003,"
",282
35042,Kaash... Hamara Dil Pagal Na Hota,2003,"
",283
35043,Kagaar: Life on the Edge,2003,"
",284
35044,Kahan Ho Tum,2003,"
",285
35045,Kaise Kahoon Ke... Pyaar Hai,2003,"
",286
35046,Kal Ho Naa Ho,2003,"Drama, Romance, Comedy, Family, Musical, Social
",287
35047,Kash Aap Hamare Hote,2003,"Romance
",288
35048,Kaya Poochhe Maya Se,2003,"
",289
35049,Khanjar: The Knife,2003,"Action
",290
35050,Khel – No Ordinary Game,2003,"Thriller
",291
35051,Khushi,2003,"Romance
",292
35052,Khwahish,2003,"Drama
",293
35053,Koi... Mil Gaya,2003,"Romance, Fantasy, Musical
",294
35054,Kucch To Hai,2003,"Thriller
",295
35055,Kuch Naa Kaho,2003,"Drama, Romance, Musical
",296
35056,Kyon?,2003,"
",297
35057,Larger Than Life,2003,"
",298
35058,LOC: Kargil,2003,"War, Drama, Historical
",299
35059,Love at Times Square,2003,"
",300
35060,Maa Santoshi Maa,2003,"
",301
35061,Main Madhuri Dixit Banna Chahti Hoon,2003,"Comedy
",302
35062,Main Prem Ki Diwani Hoon,2003,"Romance, Drama, Comedy
",303
35063,Market,2003,"
",304
35064,Matrubhoomi,2003,"Drama
",305
35065,Miss India: The Mystery,2003,"
",306
35066,Mudda: The Issue,2003,"
",307
35067,Mumbai Matinee,2003,"
",308
35068,Mumbai Se Aaya Mera Dost,2003,"Drama
",309
35069,Munna Bhai M.B.B.S.,2003,"Comedy, Social, Musical
",310
35070,Naag Lok,2003,"
",311
35071,Nayee Padosan,2003,"
",312
35072,October,2003,"
",313
35073,Om,2003,"
",314
35074,Oops!,2003,"
",315
35075,Out of Control,2003,"Comedy, Romance
",316
35076,Paanch,2003,"
",317
35077,Parwana,2003,"Action, Drama, Thriller
",318
35078,Patth,2003,"
",319
35079,Pehli Nazar Ka Pehla Pyaar: Love at First Sight,2003,"
",320
35080,Pinjar,2003,"Drama, Social
",321
35081,The Pink Mirror,2003,"
",322
35082,Praan Jaye Par Shaan Na Jaye,2003,"Comedy
",323
35083,Qayamat: City Under Threat,2003,"Thriller
",324
35084,Raghu More: Bachelor of Hearts,2003,"
",325
35085,Raghu Romeo,2003,"
",326
35086,Raja Bhaiya,2003,"
",327
35087,Rasikan Re,2003,"
",328
35088,"Right Here, Right Now",2003,"
",329
35089,Rules: Pyaar Ka Superhit Formula,2003,"
",330
35090,Saaya,2003,"Drama
",331
35091,Sala Bandar!,2003,"
",332
35092,Samay: When Time Strikes,2003,"Thriller
",333
35093,Sanatta: The Silence,2003,"
",334
35094,Sandhya,2003,"
",335
35095,Satta,2003,"Drama, Social
",336
35096,Satyaghath: Crime Never Pays,2003,"
",337
35097,Shanti,2003,"
",338
35098,Sssshhh...,2003,"
",339
35099,Stumped,2003,"
",340
35100,Supari,2003,"
",341
35101,Surya,2003,"
",342
35102,Tada,2003,"
",343
35103,Taj Mahal: A Monument of Love,2003,"
",344
35104,Talaash: The Hunt Begins...,2003,"Thriller
",345
35105,Tareekh,2003,"
",346
35106,Tehzeeb,2003,"
",347
35107,Tere Naam,2003,"Drama, Romance
",348
35108,Tu Bal Bramhachari Main Hoon Kanya Kunwari,2003,"
",349
35109,Tujhe Meri Kasam,2003,"Romance
",350
35110,Tumse Milke Wrong Number,2003,"
",351
35111,Valentine Days,2003,"
",352
35112,Waisa Bhi Hota Hai Part II,2003,"
",353
35113,Xcuse Me,2003,"Comedy
",354
35114,Yeh Dil,2003,"
",355
35115,Zameen,2003,"Thriller
",356
35116,Aabra Ka Daabra,2004,"Fantasy
",357
35117,Aan: Men at Work,2004,"Action
",358
35118,Ab... Bas!,2004,"Adult
",359
35119,Ab Tumhare Hawale Watan Saathiyo,2004,"War, Drama
",360
35120,Aetbaar,2004,"Thriller
",361
35121,Agnipankh,2004,"
",362
35122,Aitraaz,2004,"Drama, Romance, Thriller
",363
35123,Asambhav,2004,"Mystery, Thriller
",364
35124,Banana Brothers,2004,"Comedy
",365
35125,Bardaasht,2004,"Action, Drama, Thriller
",366
35126,Chameli,2004,"Drama
",367
35127,Chand Bujh Gaya,2004,"Romance
",368
35128,Charas,2004,"Action
",369
35129,Deewaar,2004,"Drama
",370
35130,Dev,2004,"Drama
",371
35131,Dhoom,2004,"Thriller, Action
",372
35132,Dil Bechara Pyaar Ka Maara,2004,"Comedy
",373
35133,Dil Maange More,2004,"Romance, Comedy
",374
35134,Dil Ne Jise Apna Kahaa,2004,"Drama, Romance
",375
35135,Dobara,2004,"Drama
",376
35136,Dukaan,2004,"Adult Romance
",377
35137,Ek Se Badhkar Ek,2004,"Comedy
",378
35138,Ek Hasina Thi,2004,"Thriller, Drama
",379
35139,Fida,2004,"Drama, Romance, Thriller
",380
35140,Garv,2004,"Drama
",381
35141,Gayab,2004,"Fantasy, Thriller
",382
35142,Girlfriend,2004,"Drama, Romance
",383
35143,Hatya,2004,"
",384
35144,Hava Aney Dey,2004,"Drama
",385
35145,Hawas,2004,"Erotic Romance
",386
35146,Hulchul,2004,"Comedy, Drama, Romance, Family
",387
35147,Hum Tum,2004,"Comedy, Romance, Drama, Musical
",388
35148,Hyderabad Blues 2,2004,"Drama
",389
35149,I Proud to Be an Indian,2004,"Action
",390
35150,Insaaf: The Justice,2004,"Action
",391
35151,Inteqam: The Perfect Game,2004,"Action
",392
35152,Ishq Hai Tumse,2004,"Drama
",393
35153,Julie,2004,"Adult Drama
",394
35154,Kaun Hai Jo Sapno Mein Aaya,2004,"Romance
",395
35155,Kaya Taran,2004,"Drama
",396
35156,Khakee,2004,"Action, Thriller
",397
35157,Khamosh Pani,2004,"Drama
",398
35158,King of Bollywood,2004,"Comedy
",399
35159,Kis Kis Ki Kismat,2004,"Comedy
",400
35160,Kismat,2004,"Thriller
",401
35161,Kiss Kis Ko,2004,"Adult Comedy
",402
35162,Krishna Cottage,2004,"Thriller
",403
35163,Kyun! Ho Gaya Na...,2004,"Romance, Drama, Comedy
",404
35164,Lakeer – Forbidden Lines,2004,"Action, Drama, Romance
",405
35165,Lakshya,2004,"War, Drama, Action, Romance
",406
35166,Let's Enjoy,2004,"Adult Thriller
",407
35167,Madhoshi,2004,"Drama, Romance, Thriller
",408
35168,Main Hoon Na,2004,"Action, Musical, Drama, Comedy
",409
35169,Maqbool,2004,"Mystery, Drama
",410
35170,Masti,2004,"Comedy
",411
35171,Meenaxi: A Tale of Three Cities,2004,"Romance, Musical Drama
",412
35172,Meri Biwi Ka Jawaab Nahin,2004,"Action, Comedy, Romance
",413
35173,Mughal-e-Azam (Colorized Version),2004,"Drama
",414
35174,Mujhse Shaadi Karogi,2004,"Comedy, Romance, Musical
",415
35175,Murder,2004,"Thriller, Romance
",416
35176,Musafir,2004,"Thriller
",417
35177,Muskaan,2004,"Romance, Drama
",418
35178,Naach,2004,"Drama
",419
35179,Netaji Subhas Chandra Bose: The Forgotten Hero,2004,"
",420
35180,Nothing but Life,2004,"Drama
",421
35181,Paap,2004,"Drama
",422
35182,Paisa Vasool,2004,"Black Comedy
",423
35183,Phir Milenge,2004,"Drama, Social
",424
35184,Plan,2004,"Action
",425
35185,Police Force: An Inside Story,2004,"Action
",426
35186,Popcorn Khao! Mast Ho Jao,2004,"
",427
35187,Raincoat,2004,"Drama
",428
35188,Rakht,2004,"Horror
",429
35189,Rok Sako To Rok Lo,2004,"Sports Comedy
",430
35190,Rudraksh,2004,"Thriller
",431
35191,Run,2004,"Action, Drama, Romance
",432
35192,Shaadi Ka Laddoo,2004,"Comedy
",433
35193,Shart: The Challenge,2004,"Action, Drama
",434
35194,Sheen,2004,"Romance
",435
35195,Shikhaar,2004,"Drama
",436
35196,Shukriya: Till Death Do Us Apart,2004,"Drama
",437
35197,Silence Please...The Dressing Room,2004,"Thriller
",438
35198,Stop!,2004,"Romance, Drama
",439
35199,Suno Sasurjee,2004,"Romantic, Comedy
",440
35200,Swades,2004,"Drama, Social
",441
35201,Taarzan: The Wonder Car,2004,"Fantasy Thriller
",442
35202,Thoda Tum Badlo Thoda Hum,2004,"Romance
",443
35203,Tumsa Nahin Dekha: A Love Story,2004,"Romance
",444
35204,Uff Kya Jaadoo Mohabbat Hai,2004,"Romance
",445
35205,Vaastu Shastra,2004,"Horror
",446
35206,Veer-Zaara,2004,"Drama, Romance, Family, Musical
",447
35207,Wajahh: A Reason to Kill,2004,"Thriller
",448
35208,Where's the Party Yaar?,2004,"Comedy
",449
35209,Woh,2004,"Thriller
",450
35210,Yeh Lamhe Judaai Ke,2004,"Drama
",451
35211,Yehi Hai Zindagi,2004,"Drama
",452
35212,Yuva,2004,"Drama, Action
",453
35213,7½ Phere,2005,"Comedy
",454
35214,"99.9 FM,",2005,"Crime / Thriller
",455
35215,Aashiq Banaya Aapne,2005,"Romance, Drama
",456
35216,Amavas,2005,"
",457
35218,Apaharan,2005,"Drama, Action
",458
35219,Bachke Rehna Re Baba,2005,"Comedy
",459
35220,Barsaat,2005,"Romance, Drama, Family
",460
35221,Bewafaa,2005,"Drama, Romance
",461
35222,Bhagmati,2005,"Romance
",462
35223,Bhola in Bollywood,2005,"Comedy
",463
35224,Black,2005,"Drama, Social
",464
35225,Blackmail,2005,"Thriller, Drama
",465
35226,Bluffmaster!,2005,"Comedy
",466
35227,Brides Wanted,2005,"Comedy
",467
35228,Bullet: Ek Dhamaka,2005,"Action
",468
35229,Bunty Aur Babli,2005,"Comedy, Crime, Romance, Musical
",469
35230,Chaahat – Ek Nasha,2005,"Romance
",470
35231,Chand Sa Roshan Chehra,2005,"Romance
",471
35232,Chausar,2005,"
",472
35233,Chehraa,2005,"Thriller
",473
35234,Chetna: The Excitement,2005,"Erotic Drama
",474
35235,Chocolate,2005,"Action, Thriller, Suspense
",475
35236,Chor Mandi,2005,"Comedy
",476
35237,Classic – Dance of Love,2005,"Erotic Thriller
",477
35238,D,2005,"Crime, Drama
",478
35239,Dansh,2005,"Drama
",479
35240,Deewane Huye Paagal,2005,"Romantic Comedy
",480
35241,Dil Jo Bhi Kahey...,2005,"Family drama
",481
35242,Dosti: Friends Forever,2005,"Drama, Romance
",482
35243,Double Cross - Ek Dhoka,2005,"
",483
35244,Dreams,2005,"
",484
35245,Dus,2005,"Action, Thriller
",485
35246,Ek Ajnabee,2005,"Thriller
",486
35247,Ek Khiladi Ek Haseena,2005,"Thriller
",487
35248,Elaan,2005,"Action, Drama
",488
35249,Fareb,2005,"Thriller
",489
35250,Film Star,2005,"
",490
35251,Fun – Can Be Dangerous Sometimes,2005,"Erotic Drama
",491
35252,Garam Masala,2005,"Comedy
",492
35253,Hanuman,2005,"
",493
35254,Hazaaron Khwaishein Aisi,2005,"Drama
",494
35255,Home Delivery,2005,"Comedy
",495
35256,Hum Dum,2005,"Romance
",496
35257,Insan,2005,"Action, Thriller
",497
35258,Iqbal,2005,"Sports, Drama, Social
",498
35259,Jackpot,2005,"Erotic, Crime
",499
35260,Jai Chiranjeeva,2005,"Drama
",500
35261,Jalwa - Fun in Love,2005,"Erotic romance
",501
35262,James,2005,"Action
",502
35263,Jo Bole So Nihaal,2005,"Action, Comedy
",503
35264,Jurm,2005,"Thriller
",504
35265,Kaal,2005,"Horror, Thriller
",505
35266,Kalyug,2005,"Drama
",506
35267,Karam,2005,"Thriller
",507
35268,Kasak,2005,"
",508
35269,Khamoshh... Khauff Ki Raat,2005,"Thriller
",509
35270,Kisna: The Warrior Poet,2005,"Drama, Historical
",510
35271,Koi Aap Sa,2005,"Drama, Romance
",511
35272,Koi Mere Dil Mein Hai,2005,"
",512
35273,Kuchh Meetha Ho Jaye,2005,"Comedy, Drama, Romance
",513
35274,Kyaa Kool Hai Hum,2005,"Comedy
",514
35275,Kyon Ki,2005,"Drama, Romance
",515
35276,Lucky: No Time for Love,2005,"Romance, Musical
",516
35277,Main Aisa Hi Hoon,2005,"Drama
",517
35278,"Main, Meri Patni Aur Woh",2005,"
",518
35279,Maine Gandhi Ko Nahin Mara,2005,"Drama, Social
",519
35280,Maine Pyaar Kyun Kiya?,2005,"Comedy
",520
35281,Mangal Pandey: The Rising,2005,"Drama, Historical
",521
35282,Mashooka,2005,"Erotic thriller
",522
35283,Mazaa Mazaa,2005,"
",523
35284,Men Not Allowed,2005,"Romance
",524
35285,Morning Raga,2005,"
",525
35286,Mr Ya Miss,2005,"Comedy
",526
35287,Mr Prime Minister,2005,"Drama
",527
35288,Mumbai Xpress,2005,"
",528
35289,Mumbai Godfather,2005,"Drama
",529
35290,My Brother... Nikhil,2005,"Drama, Social
",530
35291,My Wife's Murder,2005,"Drama, Thriller
",531
35292,Naam Gum Jaayega,2005,"Romance
",532
35293,Naina,2005,"Horror, Thriller
",533
35294,Neal 'n' Nikki,2005,"Comedy, Romance
",534
35295,Nigehbaan,2005,"
",535
35296,No Entry,2005,"Comedy
",536
35297,Padmashree Laloo Prasad Yadav,2005,"Comedy
",537
35298,Page 3,2005,"Drama, Social
",538
35299,Pehchaan: The Face of Truth,2005,"Drama
",539
35300,Paheli,2005,"Fantasy, Romance, Musical
",540
35301,Parineeta,2005,"Drama
",541
35302,Pyaar Mein Twist,2005,"Drama, Romance
",542
35303,Ramji Londonwale,2005,"
",543
35304,Revati,2005,"
",544
35305,Rog,2005,"Drama, Thriller
",545
35306,Saathi: The Companion,2005,"
",546
35307,Salaam Namaste,2005,"Romance, Comedy, Drama, Social
",547
35308,Sarkar,2005,"Crime, Drama
",548
35309,Sauda - The Deal,2005,"
",549
35310,Sehar,2005,"
",550
35311,Shaadi No. 1,2005,"Comedy, Romance
",551
35312,Shabd,2005,"Drama
",552
35313,Shabnam Mausi,2005,"
",553
35314,Sheesha,2005,"
",554
35316,Shikhar,2005,"Drama
",555
35317,Silsiilay,2005,"Romance
",556
35318,Sitam,2005,"
",557
35319,Socha Na Tha,2005,"Romance, Comedy
",558
35320,Ssukh,2005,"
",559
35321,Taj Mahal: An Eternal Love Story,2005,"History, Epic, Romance
",560
35322,Tango Charlie,2005,"War, Drama
",561
35323,Tezaab,2005,"Erotic
",562
35324,The Film,2005,"Thriller
",563
35325,Time Pass,2005,"
",564
35326,Topless,2005,"
",565
35327,"U, Bomsi n Me",2005,"
",566
35328,Vaada,2005,"Thriller
",567
35329,Vaah! Life Ho Toh Aisi!,2005,"Fantasy, Comedy
",568
35330,Vidyaarthi,2005,"
",569
35331,Viruddh... Family Comes First,2005,"Drama
",570
35332,Waqt: The Race Against Time,2005,"Drama
",571
35333,Yahaan,2005,"Romance
",572
35334,Yakeen,2005,"Drama
",573
35335,Zameer: The Fire Within,2005,"Drama
",574
35336,Zeher,2005,"Drama, Thriller
",575
35337,36 China Town,2006,"Thriller, Mystery",576
35338,Aap Ki Khatir,2006,"Comedy, Romance, Social",577
35339,Aatma,2006,Horror,578
35340,Adharm,2006,,579
35341,Ahista Ahista,2006,"Drama, Romance",580
35342,Aisa Kyon Hota Hai?,2006,Drama,581
35343,Aksar,2006,Thriller,582
35344,Alag,2006,Drama,583
35345,Anjaan,2006,,584
35346,Ankahee,2006,"Drama, Romance, Crime",585
35347,Anthony Kaun Hai?,2006,"Comedy, Thriller",586
35348,Apna Sapna Money Money,2006,Comedy,587
35349,Aryan: Unbreakable,2006,"Action, Sports, Romance",588
35350,Baabul,2006,"Drama, Romance, Family, Social",589
35351,Banaras,2006,"Drama, Social",590
35352,Bas Ek Pal,2006,,591
35353,Being Cyrus,2006,"Drama, Comedy",592
35354,Bhagam Bhag,2006,"Comedy, Musical",593
35355,Bhoot Unkle,2006,Comedy,594
35356,Chand Ke Paar Chalo,2006,,595
35357,Chingaari,2006,"Drama, Social",596
35358,Chup Chup Ke,2006,"Comedy, Romance",597
35359,Corporate,2006,"Drama, Thriller, Business",598
35360,Darna Zaroori Hai,2006,Horror,599
35361,Darwaaza Bandh Rakho,2006,"Comedy, Crime",600
35362,Deadline: Sirf 24 Ghante,2006,,601
35363,Devaki,2006,Drama,602
35364,Dharti Kahe Pukar Ke,2006,Drama,603
35365,Dhoom 2,2006,"Thriller, Action, Romance, Musical",604
35366,Dil Diya Hai,2006,Thriller,605
35367,Don,2006,"Thriller, Action, Drama",606
35368,Dor,2006,"Drama, Social",607
35369,Dulha Babu,2006,,608
35370,Eight: The Power of Shani,2006,,609
35371,Ek Main Ek Tum,2006,,610
35372,Family,2006,"Drama, Thriller",611
35373,Fanaa,2006,"Drama, Romance, Thriller, Musical",612
35374,Fight Club – Members Only,2006,"Action, Thriller",613
35375,Gangster,2006,"Drama, Romance, Thriller, Musical",614
35376,Golmaal: Fun Unlimited,2006,Comedy,615
35377,Haseena,2006,"Thriller, Comedy",616
35378,Holiday,2006,Romance,617
35379,Humko Deewana Kar Gaye,2006,"Romance, Drama, Musical",618
35380,Humko Tumse Pyaar Hai,2006,"Drama, Romance",619
35381,Iqraar by Chance,2006,"Action, Drama",620
35382,I See You,2006,"Drama, Romance, Social",621
35383,Jaane Hoga Kya,2006,"Supensene, Thriller, Sci-fi",622
35384,Jaadu Sa Chal Gaya,2006,,623
35385,Jaana - Let's Fall In Love,2006,,624
35386,Jaan-E-Mann,2006,"Drama, Romance, Musical, Comedy",625
35387,Jawani Diwani,2006,"Comedy, Adult",626
35388,Jigyaasa,2006,"Social, Adult",627
35389,Kabul Express,2006,"Drama, Thriller, War",628
35390,Kabhi Alvida Naa Kehna,2006,"Drama, Romance, Musical, Comedy, Family, Social",629
35391,Khosla Ka Ghosla,2006,Comedy,630
35392,Krishna,2006,,631
35393,Krrish,2006,"Superhero, Action, Fantasy, Romance, Musical",632
35394,Kudiyon Ka Hai Zamana,2006,Comedy,633
35395,Lady Chatterjee - Sawan Dutta,2006,,634
35396,Lage Raho Munna Bhai,2006,"Comedy, Social, Musical",635
35397,Love Ke Chakkar Mein,2006,"Romance, Comedy",636
35398,Madhubaala,2006,,637
35399,Malamaal Weekly,2006,Comedy,638
35400,Mere Jeevan Saathi,2006,"Drama, Romance",639
35401,Meri Jung,2006,,640
35402,Mirza Sahiba,2006,,641
35403,Mobile Phone,2006,,642
35404,Mr 100% - The Real Player,2006,,643
35405,Naksha,2006,"Thriller, Fantasy",644
35406,Omkara,2006,"Drama, Social, Action",645
35407,Phir Hera Pheri,2006,Comedy,646
35408,Prateeksha,2006,,647
35409,Pyaar Ke Side Effects,2006,"Comedy, Romance",648
35410,Pyare Mohan,2006,Comedy,649
35411,Rafta Rafta,2006,,650
35412,Rang De Basanti,2006,"Drama, Patriotic, Social",651
35413,Rehguzar - The Road to Destiny,2006,,652
35414,Rocky,2006,"Action, Romance",653
35415,Saawan... The Love Season,2006,"Drama, Romance",654
35416,Sacred Evil – A True Story,2006,"Horror, Thriller",655
35417,Salaam Bacche,2006,,656
35418,Sandwich,2006,Comedy,657
35419,Sarhad Paar,2006,Drama,658
35420,Shaadi Karke Phas Gaya Yaar,2006,"Drama, Romance",659
35421,Shaadi Se Pehle,2006,"Comedy, Romance",660
35423,Shiva,2006,,661
35424,Souten: The Other Woman,2006,Drama,662
35425,Strings - Bound By Faith,2006,,663
35426,Sun Zara,2006,,664
35427,Tathastu,2006,"Drama, Family",665
35428,Taxi No. 9211,2006,"Social, Thriller",666
35429,Teesri Aankh: The Hidden Camera,2006,"Action, Thriller",667
35430,The Killer,2006,,668
35431,The Real Dream Girls,2006,B-grade,669
35432,Tom Dick And Harry,2006,Comedy,670
35433,Umar,2006,,671
35434,Umrao Jaan,2006,"Drama, Romance, Social, Historical",672
35435,Unns...Means Love,2006,,673
35436,Utthaan,2006,,674
35437,Vivah,2006,"Romance, Drama",675
35438,Waris Shah: Ishq Daa Waaris,2006,,676
35439,Woh Lamhe...,2006,"Drama, Romance, Social",677
35440,Yun Hota Toh Kya Hota,2006,Drama,678
35441,Zinda,2006,Thriller,679
35442,Zindaggi Rocks,2006,Drama,680
35443,1971,2007,"War
",681
35444,50 Lakh,2007,"
",682
35445,68 Pages,2007,"
",683
35446,Aag,2007,"Action, Thriller
",684
35447,Aaja Nachle,2007,"Musical
",685
35448,Aap Kaa Surroor,2007,"Drama, Thriller, Romance
",686
35449,Aggar,2007,"Drama, Thriller
",687
35450,Anjaam,2007,"Thriller
",688
35451,Anwar,2007,"Drama
",689
35452,Apna Asmaan,2007,"
",690
35453,Apne,2007,"Family, Drama, Sports
",691
35454,Aur Pappu Paas Ho Gaya,2007,"
",692
35455,Awarapan,2007,"Action, Drama
",693
35456,Bal Ganesh,2007,"Mythological
",694
35457,Benaam,2007,"Action
",695
35458,Bheja Fry,2007,"Comedy
",696
35459,Bhool Bhulaiyaa,2007,"Mystery, Thriller, Comedy
",697
35460,Bhram,2007,"Thriller
",698
35461,Big Brother,2007,"Action, Drama, Romance, Crime
",699
35462,Black Friday,2007,"Crime Fiction, Drama, Historical
",700
35463,Blood Brothers,2007,"Short Film
",701
35464,The Blue Umbrella,2007,"
",702
35465,Bombay to Goa ,2007,"Comedy
",703
35466,Buddha Mar Gaya,2007,"Comedy
",704
35467,Cash,2007,"Thriller
",705
35468,Chak De! India,2007,"Sports
",706
35469,Chanchal,2007,"Drama, Musical
",707
35470,Cheeni Kum,2007,"Romance, Comedy, Drama
",708
35471,Chhodon Naa Yaar,2007,"Horror
",709
35472,Chooriyan,2007,"Family, Drama
",710
35473,Cocktail: The Deadly Combination,2007,"Thriller
",711
35474,Darling,2007,"Thriller, Horror, Romance, Mystery
",712
35475,Delhii Heights,2007,"
",713
35476,Dhamaal,2007,"Comedy
",714
35477,Goal,2007,"Sports
",715
35478,Dharm,2007,"
",716
35479,Dhokha,2007,"
",717
35480,Dhol,2007,"Comedy
",718
35481,Dil Dosti Etc,2007,"
",719
35482,Don't Stop Dreaming,2007,"Drama
",720
35483,Dus Kahaniyaan,2007,"Drama
",721
35484,Ek Chalis Ki Last Local,2007,"
",722
35485,Eklavya: The Royal Guard,2007,"Drama
",723
35486,Familywala,2007,"
",724
35487,Fool & Final,2007,"Action, Comedy, Romance, Musical
",725
35488,"Gandhi, My Father",2007,"Drama
",726
35489,Gangotri,2007,"Drama
",727
35490,Gauri: The Unborn,2007,"Horror
",728
35491,Go,2007,"
",729
35492,"Good Boy, Bad Boy",2007,"Comedy
",730
35493,Guru,2007,"Drama, Romance
",731
35494,Har Pal,2007,"Romance
",732
35495,Hastey Hastey,2007,"Comedy
",733
35496,Hattrick,2007,"Comedy
",734
35497,Heyy Babyy,2007,"Comedy, Drama, Romance
",735
35498,Honeymoon Travels Pvt. Ltd.,2007,"Comedy, Drama, Romance
",736
35499,Jab We Met,2007,"Romance, comedy
",737
35500,Jahan Jaaeyega Hamen Paaeyega,2007,"Comedy
",738
35501,Jhoom Barabar Jhoom,2007,"Romance, Comedy
",739
35502,Johnny Gaddaar,2007,"Thriller
",740
35503,Just Married,2007,"Drama, Romance, Social, Comedy
",741
35504,Kaafila,2007,"Action, Patriotic
",742
35505,Khoya Khoya Chand,2007,"Romance, Drama
",743
35506,Kya Love Story Hai,2007,"Romance
",744
35507,Laaga Chunari Mein Daag,2007,"Drama
",745
35508,Life in a... Metro,2007,"Drama
",746
35509,Life Mein Kabhie Kabhiee,2007,"Thriller
",747
35510,Loins of Punjab Presents,2007,"Musical, Drama
",748
35511,Manorama Six Feet Under,2007,"Thriller
",749
35512,Marigold,2007,"Romance |
",750
35513,MP3: Mera Pehla Pehla Pyaar,2007,"Romance
",751
35514,Mumbai Salsa,2007,"
",752
35515,My Bollywood Bride,2007,"Romance
",753
35516,Namastey London,2007,"Romance, Comedy, Drama, Social
",754
35517,The Namesake,2007,"Drama
",755
35518,Nanhe Jaisalmer,2007,"Drama
",756
35519,Naqaab,2007,"Thriller
",757
35520,Nehlle Pe Dehlla,2007,"Comedy
",758
35521,Nishabd,2007,"Drama
",759
35522,No Smoking,2007,"Drama, Thriller
",760
35523,Oh My Anand,2007,"Comedy
",761
35524,Om Shanti Om,2007,"Action, Romance, Comedy, Drama
",762
35525,Partner,2007,"Comedy, Romance
",763
35526,Raqeeb,2007,"Romance
",764
35527,Red: The Dark Side,2007,"Thriller
",765
35528,Red Swastik,2007,"Thriller
",766
35529,Risk,2007,"Action, Drama
",767
35530,Salaam-e-Ishq: A Tribute to Love,2007,"Romance
",768
35531,Saawariya,2007,"Drama, romance
",769
35533,Sambar Salsa,2007,"
",770
35534,Say Salaam India,2007,"Cricket
",771
35535,Shakalaka Boom Boom,2007,"Drama, social, musical, romance
",772
35536,Shootout at Lokhandwala,2007,"Action, crime, drama
",773
35537,Showbiz,2007,"
",774
35538,Speed,2007,"Thriller
",775
35539,Strangers,2007,"
",776
35540,Sunglass,2007,"
",777
35541,Swami,2007,"Drama
",778
35542,Ta Ra Rum Pum,2007,"Romance, drama, social
",779
35543,Taare Zameen Par,2007,"Drama
",780
35544,Traffic Signal,2007,"Drama
",781
35545,The Train,2007,"
",782
35546,Victoria No. 203,2007,"Comedy
",783
35547,Welcome,2007,"Comedy
",784
35548,Yatra,2007,"
",785
35549,Zamaanat,2007,"Drama
",786
35560,Humne Jeena Seekh Liya,2008,Comedy,787
35561,Rama Rama Kya Hai Dramaa?,2008,Comedy,788
35562,Halla Bol,2008,Social,789
35563,Bombay to Bangkok,2008,"Comedy, Drama, Romance",790
35564,Tulsi,2008,,791
35565,Sunday,2008,"Action, Comedy",792
35566,Superstar,2008,Drama,793
35567,Jodhaa Akbar,2008,"History, Romance",794
35568,Black & White,2008,"Social, Drama, History",795
35569,Race,2008,"Crime, Thriller",796
35570,One Two Three,2008,"Comedy, Drama",797
35571,Shaurya,2008,Drama,798
35572,Krazzy 4,2008,Comedy,799
35573,U Me Aur Hum,2008,Romance,800
35574,Pehli Nazar Ka Pyaar,2008,Romance,801
35575,Sirf,2008,"Drama, Romance",802
35576,Tashan,2008,"action, Romance",803
35577,Mr. Black Mr. White,2008,Comedy,804
35578,Anamika,2008,Thriller,805
35579,Jimmy,2008,"Drama, action, Crime, Thriller, Romance",806
35580,Bhoothnath,2008,"Comedy, Drama, Fantasy",807
35581,Jannat,2008,"Drama, Romance",808
35582,Don Muthu Swami,2008,Comedy,809
35583,Ghatothkach,2008,Fantasy,810
35584,Woodstock Villa,2008,Thriller,811
35585,Aamir,2008,"Drama, Thriller",812
35586,Sarkar Raj,2008,"action, Crime, Drama, Thriller",813
35587,Mere Baap Pehle Aap,2008,Comedy,814
35588,Summer 2007,2008,,815
35589,De Taali,2008,"Comedy, Romance",816
35590,Haal-e-Dil,2008,"Drama, Romance",817
35591,Thoda Pyaar Thoda Magic,2008,"Drama, Romance, Fantasy",818
35592,Thodi Life Thoda Magic,2008,Drama,819
35593,Via Darjeeling,2008,"Drama, Mystery, Thriller",820
35594,Jaane Tu... Ya Jaane Na,2008,Romance,821
35595,Love Story 2050,2008,"Drama, Musical, Romance",822
35596,Mehbooba,2008,Romance,823
35597,Kismat Konnection,2008,"Comedy, Drama, Romance",824
35598,Contract,2008,"Thriler, Spy",825
35599,Mission Istaanbul,2008,Adventure,826
35600,Money Hai Toh Honey Hai,2008,"Comedy, Drama, Romance",827
35601,Ugly Aur Pagli,2008,Comedy,828
35602,Good Luck!,2008,,829
35603,Singh Is Kinng,2008,"action, Comedy, Crime, Romance",830
35604,Bachna Ae Haseeno,2008,"Comedy, Drama, Romance",831
35605,God Tussi Great Ho,2008,"Comedy, Romance",832
35606,Phoonk,2008,Horror,833
35607,Mumbai Meri Jaan,2008,,834
35608,Maan Gaye Mughal-e-Azam,2008,Comedy,835
35609,Rock On!!,2008,"Drama, Romance, Musical",836
35610,C Kkompany,2008,Comedy,837
35611,Chamku,2008,"Musical, Romance, Thriller",838
35612,Mukhbiir,2008,Thriller,839
35613,A Wednesday!,2008,"Drama, Thriller",840
35614,Tahaan,2008,"Adventure, Drama",841
35615,1920,2008,"Horror, Mystery, Romance, Thriller",842
35616,The Last Lear,2008,"Biography, Drama",843
35617,Welcome to Sajjanpur,2008,"Comedy, Drama",844
35618,Saas Bahu Aur Sensex,2008,Comedy,845
35619,Hari Puttar: A Comedy of Terrors,2008,Comedy,846
35620,Kidnap,2008,"Crime, Thriller",847
35621,Drona,2008,"Superhero, action, Adventure, Fantasy",848
35622,Hello,2008,"Drama, Romance",849
35623,Karzzzz,2008,"action, Romance",850
35624,Heroes,2008,Drama,851
35625,Roadside Romeo,2008,"Animation, Family, Romance",852
35626,Golmaal Returns,2008,Comedy,853
35627,Fashion,2008,"Drama, Romance",854
35628,EMI - Liya Hai Toh Chukana Parega,2008,"Comedy, Social",855
35629,Ek Vivaah... Aisa Bhi,2008,Drama,856
35630,Dostana,2008,Comedy,857
35631,Dasvidaniya,2008,"Comedy, Drama, Musical, Romance",858
35632,Deshdrohi,2008,Politics,859
35633,Yuvvraaj,2008,"Musical, Drama, Romance, Family",860
35634,Gumnaam – The Mystery,2008,"Thriller, Mystery",861
35635,Oye Lucky! Lucky Oye!,2008,"Comedy, Drama",862
35636,Sorry Bhai!,2008,Romance,863
35637,Maharathi,2008,Thriller,864
35638,Dil Kabaddi,2008,"Comedy, Romance",865
35639,Meerabai Not Out,2008,Drama,866
35640,"Oh, My God",2008,Comedy,867
35641,Rab Ne Bana Di Jodi,2008,Romance,868
35642,Wafaa,2008,"Romance, Drama, Romance",869
35643,Ghajini,2008,"action, Drama, Mystery, Romance, Thriller",870
35644,Jumbo,2008,Animation,871
35655,Chandni Chowk to China,2009,"Action, Comedy",872
35656,Aasma: The Sky Is the Limit,2009,Drama,873
35657,Raaz: The Mystery Continues,2009,Horror,874
35658,Luck by Chance,2009,Drama,875
35659,Victory,2009,Sports,876
35660,Dev.D,2009,Romance,877
35661,Chal Chala Chal,2009,Comedy,878
35662,Mere Khwabon Mein Jo Aaye,2009,"Drama, Fantasy, Musical",879
35663,Billu,2009,Drama,880
35664,The Stoneman Murders,2009,"Crime, Drama, Mystery",881
35665,Delhi-6,2009,"Romance, Drama",882
35666,Kisse Pyaar Karoon,2009,Romance,883
35667,"13B
",2009,Horror,884
35668,"Dhoondte Reh Jaaoge
",2009,Comedy,885
35669,"Karma Aur Holi
",2009,Drama,886
35670,"Jai Veeru
",2009,Action Comedy,887
35671,"Little Zizou
",2009,Comedy,888
35672,"Gulaal
",2009,Drama,889
35673,"Aloo Chaat
",2009,Romantic Comedy,890
35674,"Barah Aana
",2009,Drama,891
35675,"Firaaq
",2009,Political,892
35676,"Lottery
",2009,Comedy,893
35677,"Straight
",2009,Romantic Comedy,894
35678,"Aa Dekhen Zara
",2009,"Action, Thriller",895
35679,"99
",2009,Comedy,896
35680,"Ek: The Power of One
",2009,Action Thriller,897
35681,8 x 10 Tasveer,2009,Thriller,898
35682,Ek Se Bure Do,2009,Comedy,899
35683,Pal Pal Dil Ke Saath,2009,Drama,900
35684,Coffee House,2009,Drama,901
35685,School Days,2009,,902
35686,Royal Utsav,2009,Historical Drama,903
35687,Chowrasta Crossroads of Love,2009,Drama,904
35688,Meri Padosan,2009,Comedy,905
35689,Sikandar,2009,Social,906
35690,Sanam Teri Kasam,2009,"Comedy, Romance",907
35691,Team - The Force,2009,Action,908
35692,Kal Kissne Dekha,2009,"Romance, Drama, Social, Comedy",909
35693,Zor Lagaa Ke...Haiya!,2009,,910
35694,Let's Dance,2009,Romance,911
35695,Paying Guests,2009,Comedy,912
35696,New York,2009,"Action Thriller, Romance",913
35697,Kambakkht Ishq,2009,"Action, comedy, romance",914
35698,Sankat City,2009,Dark comedy,915
35699,Shortkut,2009,Comedy,916
35700,Jashnn,2009,Musical,917
35701,Luck,2009,Action thriller,918
35702,Love Aaj Kal,2009,Romance,919
35703,Agyaat,2009,Horror,920
35704,Chal Chalein,2009,Social,921
35705,Teree Sang,2009,Drama,922
35706,Kaminey,2009,Drama,923
35707,Life Partner,2009,"Comedy, romance",924
35708,Phir Kabhi,2009,Romance,925
35709,Daddy Cool,2009,Comedy,926
35710,Kisaan,2009,Social,927
35711,Love Khichdi,2009,Comedy,928
35712,Quick Gun Murugun,2009,Comedy,929
35713,Toss,2009,Thriller,930
35714,Yeh Mera India,2009,Social,931
35715,"Three: Love, Lies, Betrayal",2009,Thriller,932
35716,Aagey Se Right,2009,Comedy,933
35717,Chintu Ji,2009,Comedy,934
35718,Fox,2009,Drama,935
35719,Aamras,2009,Drama,936
35720,Baabarr,2009,Action,937
35722,Vaada Raha,2009,Romance,938
35723,Dil Bole Hadippa!,2009,"Romantic comedy, sports",939
35724,Wanted,2009,"Action, romance",940
35725,Blue Oranges,2009,Thriller,941
35726,What's Your Raashee?,2009,Romantic comedy,942
35727,Do Knot Disturb,2009,"Comedy, romance",943
35728,Wake Up Sid,2009,Romantic comedy,944
35729,Acid Factory,2009,Action,945
35730,All the Best: Fun Begins,2009,Comedy,946
35731,Blue,2009,Action,947
35732,Main Aurr Mrs Khanna,2009,"Drama, romance",948
35733,Bal Ganesh 2,2009,Animation,949
35734,Fruit and Nut,2009,Comedy,950
35735,Love Ka Tadka,2009,Romantic comedy,951
35736,London Dreams,2009,"Musical, social, drama, romance",952
35737,Aladin,2009,Fantasy,953
35738,Ajab Prem Ki Ghazab Kahani,2009,"Comedy, romance",954
35739,Jail,2009,Social,955
35740,Tum Mile,2009,Romance,956
35741,Aao Wish Karein,2009,Fantasy,957
35742,Kurbaan,2009,"Thriller, romance",958
35743,Shaabash! You Can Do It,2009,"Comedy, thriller, social",959
35744,Marega Salaa,2009,Action,960
35745,De Dana Dan ,2009,Comedy,961
35746,"Radio
",2009,Musical,962
35747,"Paa
",2009,"Drama, family",963
35748,"Rocket Singh: Salesman of the Year
",2009,Comedy,964
35749,"Raat Gayi, Baat Gayi?
",2009,Drama,965
35750,"3 Idiots
",2009,Comedy,966
35751,"Accident on Hill Road
",2009,Thriller,967
35762,Dulha Mil Gaya,2010,Romantic Comedy,968
35763,Pyaar Impossible!,2010,Romantic Comedy,969
35764,Chance Pe Dance,2010,"Comedy, Romance",970
35765,Veer,2010,Epic film,971
35766,Ishqiya,2010,"Comedy, Crime, Romance",972
35767,Rann,2010,Drama,973
35768,Road to Sangam,2010,Drama,974
35769,The Hangman,2010,Drama,975
35770,Striker,2010,Action,976
35771,My Name Is Khan,2010,Drama,977
35772,Sukhmani: Hope for Life,2010,Drama,978
35773,Aakhari Decision,2010,Action,979
35774,Click,2010,Horror,980
35775,Toh Baat Pakki!,2010,Comedy,981
35776,Karthik Calling Karthik,2010,Thriller,982
35777,Teen Patti,2010,"Drama, Thriller",983
35778,Atithi Tum Kab Jaoge?,2010,Comedy,984
35779,Hello Zindagi,2010,Drama,985
35780,"Road, Movie",2010,Drama,986
35781,Rokkk,2010,Thriller,987
35782,Thanks Maa,2010,Drama,988
35783,Do Dilon Ke Khel Mein,2010,Romantic Comedy,989
35784,Hide & Seek,2010,Thriller,990
35785,Na Ghar Ke Na Ghaat Ke,2010,Comedy,991
35786,Right Yaaa Wrong,2010,Action,992
35787,Trump Card,2010,Action/Thriller,993
35788,Idiot Box,2010,Drama,994
35789,Lahore,2010,Sports/Social,995
35790,Love Sex Aur Dhokha,2010,Found footage,996
35791,Shaapit,2010,horror,997
35792,Hum Tum Aur Ghost,2010,Comedy,998
35793,It's a Man's World,2010,Social,999
35794,Mittal v/s Mittal,2010,Romance,1000
35795,My Friend Ganesha 3,2010,Animation,1001
35796,Prem Kaa Game,2010,Comedy,1002
35797,Well Done Abba,2010,Social,1003
35798,Pankh,2010,Social,1004
35799,Sadiyaan,2010,Romance,1005
35800,Tum Milo Toh Sahi,2010,Social/Drama,1006
35801,Jaane Kahan Se Aayi Hai,2010,Comedy/Romance/Fantasy,1007
35802,Prince - It's Showtime!,2010,Action/Thriller,1008
35803,The Japanese Wife,2010,Romance,1009
35804,Paathshaala,2010,Social,1010
35805,Phoonk 2,2010,Horror,1011
35806,Apartment,2010,Thriller,1012
35807,Bird Idol,2010,Animation,1013
35808,City of Gold,2010,Social,1014
35809,Kuchh Kariye,2010,,1015
35810,Muskurake Dekh Zara,2010,Romantic Comedy,1016
35811,Chase,2010,Action,1017
35812,Housefull,2010,Comedy,1018
35813,Badmaash Company,2010,Romance/Drama,1019
35814,It's a Wonderful Afterlife,2010,Drama,1020
35815,Admissions Open,2010,Drama,1021
35816,Bumm Bumm Bole,2010,Children/Drama,1022
35817,Kushti,2010,Comedy/Romance,1023
35818,Kites,2010,Thriller/Romance,1024
35819,Raajneeti,2010,Drama/Political Thriller,1025
35820,Ek Second... Jo Zindagi Badal De?,2010,Thriller,1026
35821,Raavan,2010,Action/Romance,1027
35822,Krantiveer - The Revolution,2010,Action,1028
35823,Mr. Singh Mrs. Mehta,2010,Drama,1029
35824,I Hate Luv Storys,2010,Romance,1030
35825,Milenge Milenge,2010,Romance,1031
35826,Red Alert: The War Within,2010,Action,1032
35827,Lamhaa,2010,Action,1033
35828,Tere Bin Laden,2010,Comedy,1034
35829,Udaan,2010,Drama,1035
35830,Khatta Meetha,2010,"Comedy, Drama, Romance",1036
35831,Once Upon a Time in Mumbaai,2010,"Action, Romance, Thriller, Crime",1037
35832,Aisha,2010,Romance,1038
35833,Help,2010,Horror,1039
35834,Peepli Live,2010,"Political, Comedy",1040
35835,Lafangey Parindey,2010,Romance,1041
35836,Mr. Bhatti on Chutti,2010,Comedy,1042
35837,Hello Darling,2010,Comedy,1043
35838,Antardwand,2010,Crime,1044
35839,Aashayein,2010,Drama,1045
35840,Soch Lo,2010,"Mystery, Suspense",1046
35841,We Are Family,2010,"Drama, Romance",1047
35842,Mallika,2010,Horror,1048
35843,The Film Emotional Atyachar,2010,Drama,1049
35844,Dabangg,2010,Action,1050
35845,Anjaana Anjaani,2010,Romance,1051
35846,Khichdi: The Movie,2010,Comedy,1052
35847,Crook,2010,Thriller,1053
35848,Do Dooni Chaar,2010,Comedy,1054
35849,Aakrosh,2010,Thriller,1055
35850,Pusher,2010,"Action, Drama",1056
35851,Knock Out,2010,Action,1057
35852,Kajraare,2010,Romance,1058
35853,Ramayana: The Epic,2010,Animation,1059
35854,Hisss,2010,Horror/Thriller,1060
35855,Jhootha Hi Sahi,2010,Romance,1061
35856,Rakta Charitra,2010,Biographical,1062
35857,Dunno Y... Na Jaane Kyon,2010,Romance,1063
35858,Maalik Ek,2010,"Biographical, Animation",1064
35859,Nakshatra,2010,Romance,1065
35860,Golmaal 3,2010,Comedy,1066
35861,Action Replayy,2010,Comedy,1067
35862,A Flat,2010,Thriller,1068
35863,Ramaa: The Saviour,2010,"Action, Adventure",1069
35864,Guzaarish,2010,Romance,1070
35865,"Shahrukh Bola ""Khoobsurat Hai Tu""",2010,Thriller,1071
35866,Diwangi Ne Had Kar Di,2010,Romance / Thriller,1072
35867,Allah Ke Banday,2010,Thriller,1073
35868,Break Ke Baad,2010,Romance,1074
35869,Khuda Kasam,2010,Action,1075
35870,Khelein Hum Jee Jaan Sey,2010,Period,1076
35871,Phas Gaye Re Obama,2010,Comedy / Crime,1077
35872,Rakta Charitra 2,2010,Biographical,1078
35873,Band Baaja Baaraat,2010,Drama Romance,1079
35874,No Problem,2010,Comedy,1080
35875,332 Mumbai to India,2010,Thriller,1081
35876,Payback,2010,Thriller,1082
35877,Kaalo,2010,Horror,1083
35878,Mirch,2010,Drama,1084
35879,Tees Maar Khan,2010,Action comedy,1085
35880,Isi Life Mein...!,2010,Drama,1086
35881,Toonpur Ka Super Hero,2010,Animated,1087
35882,Tera Kya Hoga Johnny,2010,Thriller,1088
35883,Ada... A Way of Life,2010,Drama,1089
35894,No One Killed Jessica,2011,Social thriller,1090
35895,Impatient Vivek,2011,Adult/Comedy/Romance,1091
35896,Yamla Pagla Deewana,2011,Comedy/Drama/Action,1092
35897,Turning 30!!!,2011,Adult/Romance/Comedy,1093
35898,Mumbai Mast Kallander,2011,Comedy/Comedy/Comedy,1094
35899,Odyssey of Persistence,2011,Social,1095
35900,Dhobi Ghat,2011,Drama,1096
35901,Hostel,2011,Social,1097
35902,Dil Toh Baccha Hai Ji,2011,Comedy,1098
35903,Yeh Saali Zindagi,2011,Cult,1099
35904,United Six,2011,Action/Thriller,1100
35905,Utt Pataang,2011,Comedy,1101
35906,Patiala House,2011,Family drama,1102
35907,Angel,2011,Drama,1103
35908,Aashiqui.in,2011,Romance,1104
35909,7 Khoon Maaf,2011,Thriller/Black comedy,1105
35910,Kaccha Limbo,2011,Children,1106
35911,Masti Express,2011,Comedy,1107
35912,Tanu Weds Manu,2011,Romance/Drama,1108
35913,Satrangee Parachute,2011,Family,1109
35914,Yeh Faasley,2011,Drama,1110
35915,Happy Husbands,2011,Comedy,1111
35916,Monica,2011,Drama,1112
35917,Game,2011,Mystery/Action,1113
35918,F.A.L.T.U,2011,Satire/Comedy/Teen film,1114
35919,Memories in March,2011,Drama,1115
35920,Thank You,2011,Comedy,1116
35921,Teen Thay Bhai,2011,Drama,1117
35922,Dum Maaro Dum,2011,Thriller,1118
35923,Zokkomon,2011,Superhero/Children,1119
35924,Shor in the City,2011,Drama/Cult,1120
35925,Chalo Dilli,2011,Comedy Road movie,1121
35926,I Am,2011,Social/Drama,1122
35927,Naughty @ 40,2011,Comedy,1123
35928,Luv Ka The End,2011,Teen/Comedy,1124
35929,Haunted – 3D,2011,Horror,1125
35930,Love U...Mr. Kalakaar!,2011,Romance/Comedy,1126
35931,Ragini MMS,2011,Horror/Romance,1127
35932,Shagird,2011,Action/Drama,1128
35933,Stanley Ka Dabba,2011,Children,1129
35934,404,2011,Psychological thriller,1130
35935,Pyaar Ka Punchnama,2011,Romance/Comedy,1131
35936,Kucch Luv Jaisaa,2011,Drama/Comedy,1132
35937,Ready,2011,Comedy,1133
35938,Shaitan,2011,Drama/Thriller,1134
35939,Bheja Fry 2,2011,Comedy,1135
35940,Always Kabhi Kabhi,2011,Romance/Teen,1136
35941,Bhindi Baazaar Inc.,2011,Thriller,1137
35942,Bin Bulaye Baraati,2011,Crime,1138
35943,Double Dhamaal,2011,Comedy,1139
35945,Bbuddah... Hoga Terra Baap,2011,Action,1140
35946,Delhi Belly,2011,Action/Comedy,1141
35947,Murder 2,2011,Psychological thriller,1142
35948,Chillar Party,2011,Children,1143
35949,Zindagi Na Milegi Dobara,2011,Romance/Road,1144
35950,Singham,2011,Action,1145
35951,Khap,2011,Social,1146
35952,Gandhi to Hitler,2011,Biographical,1147
35953,Bubble Gum,2011,Drama,1148
35954,Chala Mussaddi... Office Office,2011,Comedy/Social,1149
35955,I Am Kalam,2011,Drama,1150
35956,Milta Hai Chance By Chance,2011,Comedy/Romance,1151
35957,Warning,2011,Horror,1152
35958,Aarakshan,2011,Social,1153
35959,Phhir,2011,Thriller,1154
35960,Chatur Singh Two Star,2011,Comedy,1155
35961,Not a Love Story,2011,Crime,1156
35962,Sahi Dhandhe Galat Bande,2011,Comedy,1157
35963,Chitkabrey – Shades of Grey,2011,Social,1158
35964,Shabri,2011,Action,1159
35965,Yeh Dooriyan,2011,Romance,1160
35966,Bodyguard,2011,Romance/Action,1161
35967,Mummy Punjabi,2011,Comedy,1162
35968,That Girl in Yellow Boots,2011,Social,1163
35969,Mere Brother Ki Dulhan,2011,Romance/Comedy,1164
35970,Rivaaz,2011,Social,1165
35971,Mausam,2011,Romance,1166
35972,Speedy Singhs,2011,Drama,1167
35973,U R My Jaan,2011,Romance,1168
35974,Force,2011,Action,1169
35975,Hum Tum Shabana,2011,Romance/Comedy,1170
35976,"Saheb, Biwi Aur Gangster",2011,Action/Thriller,1171
35977,Tere Mere Phere,2011,Romantic/Comedy,1172
35978,Chargesheet,2011,Drama/Thriller,1173
35979,Na Jaane Kabse hum hi,2011,Romance,1174
35980,Rascals,2011,Comedy/Action,1175
35981,Love Breakups Zindagi,2011,Romantic,1176
35982,Mujhse Fraaandship Karoge,2011,Comedy/Romance,1177
35983,My Friend Pinto,2011,Romance Comedy Crime,1178
35984,Aazaan,2011,Action/Thriller,1179
35985,Ra.One,2011,Action/Sci-Fi,1180
35986,Tell Me O Kkhuda,2011,Drama,1181
35987,Damadamm!,2011,Comedy,1182
35988,Loot,2011,Comedy,1183
35989,Miley Naa Miley Hum,2011,Romance/Drama,1184
35990,Rockstar,2011,Romance/Drama,1185
35991,Shakal Pe Mat Ja,2011,Comedy,1186
35992,Desi Boyz,2011,Comedy,1187
35993,The Dirty Picture,2011,Drama,1188
35994,Ladies vs Ricky Bahl,2011,Comedy,1189
35995,Jo Hum Chahein,2011,Romance/Drama,1190
35996,Don 2,2011,Action/thriller,1191
36007,Players,2012,Action/Thriller,1192
36008,Chaalis Chauraasi 4084,2012,Comedy/Crime,1193
36009,Ghost,2012,Adult/Horror,1194
36010,Sadda Adda,2012,Comedy,1195
36011,Agneepath,2012,Action/Drama,1196
36012,Gali Gali Chor Hai,2012,Drama,1197
36013,Staying Alive,2012,Social,1198
36014,Love You To Death,2012,Comedy,1199
36015,Ek Main Aur Ekk Tu,2012,Romance/Comedy,1200
36016,Valentine's Night,2012,Adult/Romance/Thriller,1201
36017,Ekk Deewana Tha,2012,Romance,1202
36018,?: A Question Mark,2012,Adult/Horror,1203
36019,Married 2 America,2012,Drama,1204
36020,Jodi Breakers,2012,Romance,1205
36021,Tere Naal Love Ho Gaya,2012,Romance/Comedy,1206
36022,"London, Paris, New York",2012,Romance,1207
36023,Paan Singh Tomar,2012,Crime,1208
36024,Will You Marry Me?,2012,Romance,1209
36025,Kahaani,2012,Drama/Thriller,1210
36026,Chaar Din Ki Chandni,2012,Comedy,1211
36027,Say Yes to Love,2012,Romance,1212
36028,Akkad Bakkkad Bam Be Bo,2012,Romance,1213
36029,Zindagi Tere Naam,2012,Romance,1214
36030,Blood Money,2012,Thriller,1215
36031,Agent Vinod,2012,Suspense/Thriller,1216
36032,Bumboo,2012,Comedy,1217
36033,Housefull 2,2012,Action Comedy,1218
36034,Bittoo Boss,2012,Comedy,1219
36035,Vicky Donor,2012,Comedy,1220
36036,Ab Hoga Dharna Unlimited,2012,Drama,1221
36037,Hate Story,2012,Adult/Thriller,1222
36038,Chhodo Kal Ki Baatein,2012,Comedy,1223
36039,Tezz,2012,Action,1224
36040,Life Ki Toh Lag Gayi,2012,Comedy,1225
36041,Jannat 2,2012,Crime/Thriller,1226
36042,Fatso!,2012,Comedy,1227
36043,The Forest,2012,Horror,1228
36044,"Love, Lies & Seeta",2012,Comedy,1229
36045,Dangerous Ishq,2012,Romance/Thriller,1230
36046,Chhota Bheem And The Curse Of Damyaan,2012,Animation,1231
36047,Ishaqzaade,2012,Romance,1232
36048,Department,2012,Adult/Action/Crime,1233
36050,Arjun: The Warrior Prince,2012,Computer-Animated,1234
36051,MLA,2012,Crime,1235
36052,Rakhtbeej,2012,Romantic Comedy,1236
36053,Yeh Khula Aasmaan,2012,Romantic,1237
36054,"Love, Wrinkle-free",2012,Adult/Romantic,1238
36055,Rowdy Rathore,2012,Action/comedy,1239
36056,Shanghai,2012,Political/Thriller,1240
36057,Qasam Se Qasam Se,2012,Romance,1241
36058,Ferrari Ki Sawaari,2012,Drama/Comedy,1242
36059,Teri Meri Kahaani,2012,Romance/Comedy,1243
36060,Gangs of Wasseypur,2012,Adult/Crime/Thriller,1244
36061,Maximum,2012,Thriller,1245
36062,Bol Bachchan,2012,Comedy/Action,1246
36063,3 Bachelors,2012,Comedy,1247
36064,Cocktail,2012,Romance,1248
36065,Gattu,2012,Children,1249
36066,Challo Driver,2012,Comedy,1250
36067,Mere Dost Picture Abhi Baki Hai,2012,Comedy,1251
36068,Kyaa Super Kool Hain Hum,2012,Adult/Comedy,1252
36069,Aalaap,2012,Social,1253
36070,Overtime,2012,Drama,1254
36071,Jism 2,2012,Adult/Thriller,1255
36072,Krishna Aur Kans ,2012,Computer-Animated,1256
36073,Gangs of Wasseypur – Part 2,2012,Adult/Crime/Thriller,1257
36074,Paanch Ghantey Mien Paanch Crore,2012,Thriller,1258
36075,Ek Tha Tiger,2012,Romance/Action,1259
36076,Shirin Farhad Ki Toh Nikal Padi,2012,Romance/Comedy,1260
36077,Joker,2012,Drama,1261
36078,Jalpari: The Desert Mermaid,2012,Thriller/Social,1262
36079,From Sydney with Love,2012,Romantic,1263
36080,I M 24,2012,Comedy,1264
36081,Raaz 3: The Third Dimension,2012,Adult/Suspense/Thriller,1265
36082,Chal Pichchur Banate Hain,2012,Comedy,1266
36083,Barfi!,2012,Romance/Comedy,1267
36084,Jeena Hai Toh Thok Daal,2012,Drama,1268
36085,Heroine,2012,Adult/Drama,1269
36086,Kamaal Dhamaal Malamaal,2012,Comedy,1270
36087,OMG – Oh My God!,2012,Comedy,1271
36088,English Vinglish,2012,Drama,1272
36089,Kismet Love Paisa Dilli,2012,Comedy,1273
36090,Aiyyaa,2012,Rom-Com,1274
36091,Login,2012,Drama/Thriller,1275
36092,Chittagong,2012,Drama,1276
36093,Delhi Safari,2012,Computer Animated,1277
36094,Bhoot Returns,2012,Horror,1278
36095,Student of the Year,2012,Romance/Comedy,1279
36096,Chakravyuh,2012,Political Thriller,1280
36097,Ajab Gazabb Love,2012,Comedy,1281
36098,Rush,2012,Thriller/Crime,1282
36099,Luv Shuv Tey Chicken Khurana,2012,Comedy,1283
36100,1920: The Evil Returns,2012,Horror,1284
36101,Ata Pata Laapata,2012,Musical Comedy,1285
36102,Sons of Ram,2012,Animation/Drama/Children,1286
36103,Future To Bright Hai Ji,2012,Drama,1287
36104,Jab Tak Hai Jaan,2012,"Romance, Drama",1288
36105,Son Of Sardaar,2012,Comedy,1289
36106,Talaash: The Answer Lies Within,2012,Drama/Suspense,1290
36107,Khiladi 786,2012,Action/Comedy,1291
36108,Cigarette Ki Tarah,2012,Drama/Thriller,1292
36109,Dabangg 2,2012,Action/Comedy,1293
36120,Table No. 21,2013,Thriller/Drama,1294
36121,Dehraadun Diary,2013,Thriller,1295
36122,Meri Shadi Karao,2013,Comedy,1296
36123,Matru Ki Bijlee Ka Mandola,2013,Comedy,1297
36124,Pyaar Mein Aisa Hota Hai,2013,Thriller,1298
36125,Gangoobai,2013,Drama,1299
36126,Inkaar,2013,Romance/Crime,1300
36127,Mumbai Mirror,2013,Action,1301
36128,Bandook,2013,Crime,1302
36129,Race 2,2013,Action/Thriller,1303
36130,Akaash Vani,2013,Romance,1304
36131,Main Krishna Hoon,2013,Animation/Musical,1305
36132,David,2013,Crime,1306
36133,Vishwaroopam,2013,Action,1307
36134,Mai...,2013,Drama/Family,1308
36135,Listen... Amaya,2013,Drama,1309
36136,Special 26,2013,Drama/Comedy,1310
36137,"ABCD: Any Body Can Dance
",2013,Drama/Dance,1311
36138,The Unsound,2013,Thriller,1312
36139,Jayantabhai Ki Luv Story,2013,Comedy/Romance,1313
36140,Murder 3,2013,Thriller,1314
36141,Kai Po Che!,2013,Drama,1315
36142,Zila Ghaziabad,2013,Action,1316
36143,"I, Me Aur Main",2013,Romantic comedy,1317
36144,Bloody Isshq,2013,Romance/Thriller,1318
36145,"Saheb, Biwi Aur Gangster Returns",2013,Drama/Thriller,1319
36146,Saare Jahaan Se Mehnga,2013,Satire/Comedy,1320
36147,3G,2013,Thriller,1321
36148,Mere Dad Ki Maruti,2013,Comedy,1322
36149,Jolly LLB,2013,Comedy/Satire,1323
36150,Rangrezz,2013,Action,1324
36151,The Adventures of Sinbad,2013,Adventure,1325
36152,Himmatwala,2013,Action/Comedy,1326
36153,Chashme Baddoor,2013,Comedy,1327
36154,Nautanki Saala,2013,Comedy/Romance,1328
36155,Commando: A One Man Army,2013,Action/Romance,1329
36156,Ek Thi Daayan,2013,Horror,1330
36157,Aashiqui 2,2013,Musical romance,1331
36158,Shree,2013,Thriller,1332
36159,Shootout at Wadala,2013,Crime/Thriller,1333
36160,Bombay Talkies,2013,Anthology,1334
36161,Chhota Bheem and the Throne of Bali,2013,Children/Animation,1335
36162,Go Goa Gone,2013,Zombie comedy,1336
36163,Gippi,2013,Coming of age,1337
36164,Aurangzeb,2013,Drama/Action,1338
36165,I Don't Luv U,2013,Romantic drama,1339
36166,Beehad - The Ravines,2013,Drama,1340
36167,Ishkq in Paris,2013,Romance,1341
36168,Hum Hai Raahi Car Ke,2013,Romantic comedy,1342
36169,Zindagi 50-50,2013,Social,1343
36170,Yeh Jawaani Hai Deewani,2013,Romantic comedy,1344
36171,Yamla Pagla Deewana 2,2013,Comedy/Action,1345
36172,Fukrey,2013,Comedy,1346
36173,Ankur Arora Murder Case,2013,Thriller,1347
36174,Raanjhanaa,2013,Romance,1348
36175,Enemmy,2013,Action,1349
36176,Shortcut Romeo,2013,Romantic thriller,1350
36177,Ghanchakkar,2013,Comedy/Thriller,1351
36178,Lootera,2013,Romance/Thriller,1352
36179,Policegiri,2013,Action,1353
36180,Bhaag Milkha Bhaag,2013,Biopic,1354
36181,Sixteen,2013,Drama,1355
36182,B.A. Pass,2013,Drama,1356
36183,Boyss Toh Boyss Hain,2013,Comedy,1357
36184,Ramaiya Vastavaiya,2013,Rom-com,1358
36185,D Day,2013,Action/Drama,1359
36186,Ship of Theseus,2013,Avant-garde,1360
36187,Issaq,2013,Romance/Drama,1361
36188,Bajatey Raho,2013,Comedy,1362
36189,Luv U Soniyo,2013,Romance,1363
36190,Nasha,2013,Erotic/Thriller,1364
36191,Rabba Main Kya Karoon,2013,Comedy,1365
36192,Chor Chor Super Chor,2013,Comedy,1366
36193,Calapor,2013,Thriller/Drama,1367
36194,Love in Bombay,2013,Romance,1368
36195,Chennai Express,2013,Comedy/Action,1369
36196,Once Upon Ay Time In Mumbai Dobaara!,2013,Crime/Romance,1370
36197,Madras Cafe,2013,Drama/Espionage thriller,1371
36198,Satyagraha,2013,Political thriller,1372
36199,Zanjeer,2013,Action/Thriller,1373
36200,Shuddh Desi Romance,2013,Romance,1374
36201,Siddharth,2013,Drama,1375
36202,Grand Masti,2013,Adult comedy,1376
36203,John Day,2013,Thriller,1377
36204,Horror Story,2013,Horror,1378
36205,Phata Poster Nikhla Hero,2013,Rom com/Action,1379
36206,The Lunchbox,2013,Drama,1380
36208,Maazii,2013,Suspense thriller,1381
36209,Prague,2013,Psychological thriller/Romance,1382
36210,Super Model,2013,Drama,1383
36211,War Chhod Na Yaar,2013,War comedy,1384
36212,Baat Bann Gayi,2013,Comedy,1385
36213,Ek Thee Sanam,2013,Drama,1386
36214,Paapi - Ek Satya Katha,2013,Crime,1387
36215,Boss,2013,Masala,1388
36216,Shahid,2013,Drama/Biography,1389
36217,Wake Up India,2013,Political/Drama,1390
36218,Amdavad Junction,2013,Crime/Drama,1391
36219,Dilli Gang,2013,Crime,1392
36220,Mickey Virus,2013,Comedy/Thriller,1393
36221,Ishk Actually,2013,Romance,1394
36222,Sooper Se Ooper,2013,Comedy,1395
36223,Krrish 3,2013,Superhero,1396
36224,Satya 2,2013,Crime,1397
36225,Rajjo,2013,Romance,1398
36226,Goliyon Ki Raasleela Ram-Leela,2013,Romance/Drama,1399
36227,Gori Tere Pyaar Mein,2013,Romance/Comedy,1400
36228,Singh Saab The Great,2013,Action,1401
36229,Bullett Raja,2013,Comedy/Crime/Romance,1402
36230,R... Rajkumar,2013,Action/Romance,1403
36232,What the Fish,2013,Drama,1404
36233,Dhoom 3,2013,Action,1405
36244,Mr Joe B. Carvalho,2014,Comedy,1406
36245,Sholay 3D,2014,Action/Adventure,1407
36246,Dedh Ishqiya,2014,Black Comedy/Thriller,1408
36247,Yaariyan,2014,Romance,1409
36248,Karle Pyaar Karle,2014,Romance,1410
36249,Miss Lovely,2014,Drama,1411
36250,Om-Dar-B-Dar,2014,Experimental,1412
36251,Paranthe Wali Gali,2014,Romantic comedy,1413
36252,Strings of Passion,2014,Drama,1414
36253,Jai Ho,2014,Action - comedy,1415
36254,One by Two,2014,Romance/Comedy,1416
36255,Babloo Happy Hai,2014,Comedy,1417
36256,Hasee Toh Phasee,2014,Romance/Comedy,1418
36257,Heartless,2014,Thriller,1419
36258,Ya Rab,2014,Drama/Social,1420
36259,Gunday,2014,Action,1421
36260,Kaho Na Kaho,2014,Social,1422
36261,Darr @ the Mall,2014,Horror,1423
36262,Dee Saturday Night,2014,Drama,1424
36263,Gulabi Gang,2014,Documentary,1425
36264,Highway,2014,Drama/Romance,1426
36265,Karar: The Deal,2014,Thriller,1427
36266,Pyar Ka Live Show,2014,Drama,1428
36267,The Dark Secrets Of Tonhi,2014,Drama/Action,1429
36268,Anuradha,2014,Drama,1430
36269,Shaadi Ke Side Effects,2014,Romance/Comedy,1431
36270,Gulaab Gang,2014,Social/Action,1432
36271,Queen,2014,Romance/Drama,1433
36272,Total Siyapaa,2014,Drama/Comedy,1434
36273,Bewakoofiyaan,2014,Romance,1435
36274,Neighbours,2014,Horror,1436
36275,W,2014,Thriller,1437
36276,Ankhon Dekhi,2014,Comedy,1438
36277,Gang of Ghosts,2014,Horror Comedy,1439
36278,Lakshmi,2014,Drama,1440
36279,Ragini MMS 2,2014,Horror/Adult,1441
36280,Dishkiyaoon,2014,Action,1442
36281,O Teri,2014,Comedy,1443
36282,Station,2014,Thriller,1444
36283,Youngistaan,2014,Drama,1445
36284,Ebn-E-Batuta,2014,Sci-fi/Comedy,1446
36285,Honour Killing,2014,Social,1447
36286,Jal,2014,Drama/Fantasy,1448
36287,Main Tera Hero,2014,Comedy,1449
36288,Bhoothnath Returns,2014,Fantasy/Children,1450
36289,2 States,2014,Romance,1451
36290,Dekh Tamasha Dekh,2014,Comedy,1452
36291,Lucky Kabootar,2014,Romance/Comedy,1453
36292,Kaanchi: The Unbreakable,2014,Musical/Drama,1454
36293,Revolver Rani,2014,Drama,1455
36294,Samrat & Co.,2014,Mystery/Thriller/Drama,1456
36295,Purani Jeans,2014,Romance/Drama,1457
36296,Kya Dilli Kya Lahore,2014,Social,1458
36297,Angry Young Man,2014,Action,1459
36298,Kahin Hai Mera Pyar,2014,Romance,1460
36299,Hawaa Hawaai,2014,Drama,1461
36300,Khwaabb,2014,Romance/Drama,1462
36301,Koyelaanchal,2014,Action,1463
36302,Manjunath,2014,Drama,1464
36303,Mastram,2014,Adult,1465
36304,Yeh Hai Bakrapur,2014,Comedy,1466
36305,The Xposé,2014,Thriller,1467
36306,Children of War,2014,Drama,1468
36307,M3 - Midsummer Midnight Mumbai,2014,Mystery,1469
36308,Heropanti,2014,Romance/Action,1470
36309,CityLights,2014,Drama,1471
36310,Kuku Mathur Ki Jhand Ho Gayi,2014,Comedy,1472
36311,Filmistaan,2014,Comedy,1473
36312,Holiday: A Soldier Is Never Off Duty,2014,Action/Thriller,1474
36313,Fugly,2014,Comedy/Drama,1475
36314,Machhli Jal Ki Rani Hai,2014,Horror,1476
36315,Humshakals,2014,Comedy/Drama/Romance,1477
36316,Ek Villain,2014,Romance/Thriller,1478
36317,Bobby Jasoos,2014,Comedy/Drama,1479
36318,Lekar Hum Deewana Dil,2014,Romance/Comedy,1480
36319,Humpty Sharma Ki Dulhania,2014,Romance/Comedy,1481
36320,Hate Story 2,2014,Thriller,1482
36321,Bazaar-E-Husn,2014,Drama,1483
36322,Riyasat,2014,Drama/Action,1484
36323,Amit Sahni Ki List,2014,Romance/Comedy,1485
36324,Pizza,2014,Horror,1486
36325,Kick,2014,Action/Comedy,1487
36326,Entertainment,2014,Comedy,1488
36327,Singham Returns,2014,Action,1489
36328,Life is Beautiful!,2014,Romance,1490
36329,Mad About Dance,2014,Dance,1491
36330,Mardaani,2014,Drama/Action,1492
36331,Mumbhai Connection,2014,Comedy,1493
36332,Raja Natwarlal,2014,Thriller,1494
36333,Mary Kom,2014,Drama,1495
36334,Creature,2014,Horror,1496
36335,Finding Fanny,2014,Comedy/Drama,1497
36336,Daawat-e-Ishq,2014,Comedy/Drama,1498
36337,Khoobsurat,2014,Romance/Comedy,1499
36338,3 A.M.,2014,Horror,1500
36339,Chaarfutiya Chhokare,2014,Thriller,1501
36340,Desi Kattey,2014,Drama/Action,1502
36341,Meinu Ek Ladki Chaahiye,2014,Social satire,1503
36342,Balwinder Singh Famous Ho Gaya,2014,Comedy,1504
36343,Bang Bang!,2014,Action,1505
36344,Haider,2014,Drama,1506
36345,Spark,2014,Drama,1507
36346,Jigariyaa,2014,Romance,1508
36347,Ekkees Toppon Ki Salaami,2014,Political Satire,1509
36348,Tamanchey,2014,Crime/Romance,1510
36349,Mumbai 125 KM,2014,Horror,1511
36350,Sonali Cable,2014,Comedy/Drama,1512
36351,Happy New Year,2014,Action/Comedy,1513
36352,Fireflies,2014,Drama,1514
36353,Roar: Tigers of the Sunderbans,2014,Drama/Action,1515
36354,Super Nani,2014,Drama,1516
36355,Rang Rasiya,2014,Drama,1517
36356,A Decent Arrangement,2014,Drama,1518
36357,The Shaukeens,2014,Comedy,1519
36358,6 - 5 = 2,2014,Found footage / Horror,1520
36359,Kill Dil,2014,Romance/Drama,1521
36360,Gollu Aur Pappu,2014,Comedy,1522
36361,Happy Ending,2014,Romance/Comedy,1523
36362,Titoo MBA,2014,Romance/Comedy,1524
36363,Wah Taj,2014,Drama,1525
36364,Hum Hai Teen Khurafaati,2014,Comedy,1526
36365,Ungli,2014,Drama,1527
36366,Zed Plus,2014,Drama,1528
36367,Zid,2014,Erotica/Thriller,1529
36368,Action Jackson,2014,Comedy,1530
36369,Bhopal: A Prayer for Rain,2014,Drama,1531
36370,Mumbai Delhi Mumbai,2014,Drama,1532
36371,Sulemani Keeda,2014,Social/Drama,1533
36372,Badlapur Boys,2014,Sports,1534
36373,Life Mein Twist Hai,2014,Drama/Romance,1535
36374,LUV...Phir Kabhie,2014,Drama,1536
36375,Main Aur Mr. Riight,2014,Comedy/Romance,1537
36376,Objection My God,2014,Comedy,1538
36377,Room - The Mystery,2014,Suspense/Thriller,1539
36378,PK,2014,Comedy/Drama,1540
36379,Ugly,2014,Thriller,1541
36390,International Hero,2015,Drama,1542
36391,Mumbai Can Dance Saala,2015,Thriller,1543
36392,Take It Easy,2015,Drama,1544
36393,Tevar,2015,Action/romance,1545
36394,Alone,2015,Horror,1546
36395,Crazy Cukkad Family,2015,Comedy,1547
36396,Sharafat Gayi Tel Lene,2015,Comedy/thriller,1548
36397,Baby,2015,Thriller,1549
36398,Dolly Ki Doli,2015,Romantic/comedy,1550
36399,Chal Guru Ho Ja Shuru,2015,Comedy,1551
36400,Hawaizaada,2015,Drama,1552
36401,Khamoshiyan: Silences Have Secrets,2015,Horror,1553
36402,Rahasya,2015,Mystery,1554
36403,Jai Jawaan Jai Kisaan,2015,Drama,1555
36404,Shamitabh,2015,Drama,1556
36405,MSG: The Messenger,2015,Action/drama,1557
36406,Roy,2015,Romance/thriller,1558
36407,Badlapur,2015,Action/thriller,1559
36408,Qissa,2015,Historical drama,1560
36409,Ab Tak Chhappan 2,2015,Crime/drama,1561
36410,Dum Laga Ke Haisha,2015,Comedy,1562
36411,Badmashiyaan,2015,Romantic comedy,1563
36412,Coffee Bloom,2015,Romance/drama,1564
36413,Dirty Politics,2015,Political drama,1565
36414,Hey Bro,2015,Comedy,1566
36415,NH10,2015,Thriller,1567
36416,Dilliwali Zaalim Girlfriend,2015,Comedy,1568
36417,Hunterrr,2015,Comedy,1569
36418,Barkhaa,2015,Romance,1570
36419,Detective Byomkesh Bakshy,2015,Thriller,1571
36420,Luckhnowi Ishq,2015,Romance,1572
36421,Dharam Sankat Mein,2015,Drama,1573
36422,Ek Paheli Leela,2015,Musical,1574
36423,Court,2015,Drama,1575
36424,Margarita with a Straw,2015,Drama,1576
36425,Mr. X,2015,Sci fi/thriller,1577
36426,NH-8 Road to Nidhivan,2015,Horror,1578
36427,"Ek Adbhut Dakshina Guru Dakshina
",2015,Dance/drama,1579
36428,Ishq Ke Parindey,2015,Romance,1580
36429,Kaagaz Ke Fools,2015,Comedy,1581
36430,Gabbar is Back,2015,Crime/action,1582
36431,Sabki Bajegi Band,2015,Thriller/drama,1583
36432,Kuch Kuch Locha Hai,2015,Comedy,1584
36433,Piku,2015,Comedy/drama,1585
36434,Bombay Velvet,2015,Crime/drama,1586
36435,Main Hoon Rajinikanth,2015,"Spoof, comedy, thriller",1587
36436,Tanu Weds Manu Returns,2015,Romance/comedy,1588
36437,I Love Desi,2015,Comedy,1589
36438,Ishqedarriyaan,2015,Drama,1590
36439,P Se PM Tak,2015,Comedy,1591
36440,Welcome 2 Karachi,2015,Comedy,1592
36441,Dil Dhadakne Do,2015,Drama,1593
36442,Mere Genie Uncle 3D,2015,Drama,1594
36443,Hamari Adhuri Kahani,2015,Romance/drama,1595
36444,ABCD 2,2015,Dance,1596
36445,Miss Tanakpur Haazir Ho ,2015,Comedy/drama,1597
36446,Uvaa,2015,Social/comedy,1598
36447,Bezubaan Ishq,2015,Romance,1599
36448,Guddu Rangeela,2015,Comedy,1600
36449,Second Hand Husband,2015,Drama,1601
36450,I Love NY,2015,Romance/drama,1602
36451,Thoda Lutf Thoda Ishq,2015,Romance/drama,1603
36452,Bajrangi Bhaijaan,2015,"Action, comedy, drama",1604
36453,Aisa Yeh Jahaan,2015,Drama,1605
36454,Masaan,2015,Drama,1606
36455,Drishyam,2015,Drama/thriller,1607
36456,Bangistan,2015,Comedy,1608
36457,Brothers,2015,Drama,1609
36458,Gour Hari Dastaan,2015,Drama,1610
36459,All Is Well,2015,Drama,1611
36460,Manjhi - The Mountain Man,2015,Drama,1612
36461,Rolling Dream,2015,Drama,1613
36462,Kaun Kitney Paani Mein,2015,Social/drama,1614
36463,Phantom,2015,Action/thriller,1615
36464,Welcome Back,2015,Romance/comedy,1616
36465,Hero,2015,Action/romance,1617
36466,Sorry Daddy,2015,Action/drama,1618
36467,Katti Batti,2015,Romance/comedy,1619
36468,Meeruthiya Gangster,2015,Crime/comedy,1620
36469,MSG-2:The Messenger,2015,Action/thriller,1621
36470,Kis Kisko Pyaar Karoon,2015,Comedy,1622
36471,Calendar Girls,2015,Drama,1623
36472,Bhaag Johnny,2015,Drama,1624
36473,Time Out,2015,Drama,1625
36474,Mumbhaii - The Gangster,2015,Crime/Drama,1626
36475,Singh Is Bliing,2015,Comedy,1627
36476,Talvar,2015,Thriller,1628
36477,Jazbaa,2015,Action/drama,1629
36478,Bumper Draw,2015,Comedy,1630
36479,Chinar Daastaan-E-Ishq,2015,Romantic/drama,1631
36480,Pyaar Ka Punchnama 2,2015,Comedy,1632
36481,Wedding Pullav,2015,Comedy,1633
36482,Shaandaar,2015,Romance/comedy,1634
36483,Titli,2015,Crime,1635
36484,Main Aur Charles,2015,Thriller,1636
36485,Once Upon A Time In Bihar,2015,Political,1637
36486,"Guddu Ki Gun
",2015,Comedy,1638
36487,Love Exchange,2015,Romance,1639
36488,Prithipal Singh... A Story,2015,Biopic,1640
36489,Four Pillars of Basement,2015,Thriller,1641
36490,Charlie Kay Chakkar Mein,2015,Crime/thriller,1642
36491,Yaara Silly Silly,2015,Romance,1643
36492,"Ranbanka
",2015,Action,1644
36493,Prem Ratan Dhan Payo,2015,Romance,1645
36494,X,2015,Anthology,1646
36495,Angry Indian Goddesses,2015,Drama,1647
36496,Tamasha,2015,Romance,1648
36497,Hate Story 3,2015,Adult/thriller,1649
36498,Kajarya,2015,Drama,1650
36499,The Silent Heroes,2015,Adventure,1651
36500,Bajirao Mastani,2015,Romance,1652
36501,Dilwale,2015,Action/romance,1653
36502,Monsoon Shootout,2016,Neo-noir,1654
36503,Wazir,2016,Thriller,1655
36504,Chalk n Duster,2016,Drama,1656
36505,Rebellious Flower,2016,Biopic,1657
36506,Airlift,2016,War/Thriller,1658
36507,Jugni,2016,Musical drama,1659
36508,Kyaa Kool Hain Hum 3,2016,Adult comedy,1660
36509,Saala Khadoos,2016,Sports,1661
36510,Mastizaade,2016,Adult comedy,1662
36512,Ghayal Once Again,2016,Action/drama,1663
36513,Fitoor,2016,Romance/drama,1664
36514,Sanam Re,2016,Romance,1665
36515,Direct Ishq,2016,Drama,1666
36516,Ishq Forever,2016,Drama,1667
36517,LoveShhuda,2016,Romance,1668
36518,Neerja,2016,Biopic/drama,1669
36519,Dhara 302,2016,Actiom/drama,1670
36520,"Aligarh
",2016,Biopic/drama,1671
36521,Bollywood Diaries,2016,Drama,1672
36522,Love Shagun,2016,Romance/comedy,1673
36523,Tere Bin Laden: Dead or Alive,2016,Comedy,1674
36524,Zubaan,2016,Drama,1675
36525,Jai Gangaajal,2016,Drama/comedy,1676
36526,Global Baba,2016,Satire,1677
36527,Teraa Surroor,2016,Action/thriller/romance,1678
36528,OK Mein Dhokhe,2016,Drama/thriller,1679
36529,Kapoor & Sons,2016,Drama/comedy,1680
36530,Rocky Handsome,2016,Action,1681
36560,Ki & Ka,2016,Romantic comedy,1682
36561,Love Games,2016,Thriller,1683
36562,The Blueberry Hunt,2016,Thriller,1684
36563,Kaafiron Ki Namaaz,2016,Drama,1685
36564,Fan,2016,Action/drama/thriller,1686
36565,Nil Battey Sannata,2016,Comedy/drama,1687
36566,Laal Rang,2016,Action,1688
36567,Santa Banta Pvt Ltd,2016,Comedy,1689
36569,Shortcut Safari,2016,"Adventure, drama",1690
36570,One Night Stand,2016,Thriller,1691
36571,Traffic,2016,Thriller,1692
36572,1920 London,2016,Horror,1693
36573,Murari the Mad Gentleman,2016,Comedy,1694
36574,Azhar,2016,Biopic,1695
36575,Buddha in a Traffic Jam,2016,Political drama,1696
36576,Khel Toh Ab Shuru Hoga,2016,Comedy,1697
36577,Dear Dad,2016,Drama,1698
36578,Kaptaan,2016,Comedy,1699
36579,Sarbjit,2016,Biopic,1700
36580,Phobia,2016,Thriller/horror,1701
36581,Veerappan,2016,Action/biopic,1702
36582,Fredrick,2016,Action,1703
36583,Waiting,2016,Drama,1704
36584,Housefull 3,2016,Comedy,1705
36585,Do Lafzon Ki Kahani,2016,Romantic,1706
36586,Dhanak,2016,Drama,1707
36587,Te3n,2016,Thriller,1708
36588,Udta Punjab,2016,Crime,1709
36589,Luv U Alia,2016,Romance,1710
36590,Raman Raghav 2.0,2016,Crime/thriller,1711
36591,Junooniyat,2016,Romance,1712
36592,7 Hours To Go,2016,Crime/thriller,1713
36593,A Scandall,2016,Adult,1714
36594,Rough Book,2016,Drama,1715
36595,Shorgul,2016,Political drama,1716
36596,Dil Toh Deewana Hai,2016,Comedy/romance,1717
36597,Sultan,2016,Sports/drama,1718
36598,Brahman Naman,2016,Comedy,1719
36599,Great Grand Masti,2016,Sex comedy/horror,1720
36600,Madaari,2016,Drama,1721
36601,Ishq Click,2016,Romance/drama,1722
36602,M Cream,2016,Road movie,1723
36603,Dishoom,2016,Action,1724
36604,Love Ke Funday,2016,Comedy,1725
36605,The Legend of Michael Mishra,2016,Romance/drama,1726
36606,Fever,2016,Thriller,1727
36607,Hai Apna Dil Toh Awara,2016,Comedy/Romance,1728
36608,Mohenjo Daro,2016,Period drama,1729
36609,Rustom,2016,Romance/thriller,1730
36610,Happy Bhaag Jayegi,2016,Comedy,1731
36611,Waarrior Savitri,2016,Action,1732
36612,A Flying Jatt,2016,Superhero/Action/comedy,1733
36613,Akira,2016,Action/drama,1734
36614,Yea Toh Two Much Ho Gayaa,2016,Action/drama,1735
36615,Island City,2016,Drama,1736
36616,Baar Baar Dekho,2016,Drama/Romance,1737
36617,Freaky Ali,2016,Comedy/sports,1738
36618,Ek Kahani Julie Ki,2016,Thriller,1739
36619,Raaz Reboot,2016,Horror,1740
36620,Pink,2016,Drama,1741
36621,Parched,2016,Drama,1742
36622,Banjo,2016,Comedy/drama,1743
36623,Days of Tafree,2016,Comedy,1744
36625,M.S. Dhoni: The Untold Story,2016,Biopic/sports,1745
36626,Mirzya,2016,Drama/romance,1746
36627,"MSG: The Warrior Lion Heart
",2016,Adventure,1747
36628,Tutak Tutak Tutiya,2016,Supernatural comedy,1748
36629,Anna ,2016,Biographical,1749
36630,Motu Patlu: King Of Kings,2016,Animation/comedy/adventure,1750
36631,Beiimaan Love,2016,Thriller,1751
36632,Saat Uchakkey,2016,Comedy,1752
36633,Fuddu,2016,Drama,1753
36634,Aakhir Kab Tak,2016,Social drama,1754
36635,[LOVE DAY pyaar Ka din],2016,Comedy thriller,1755
36636,Umrika,2016,Drama,1756
36637,31st October,2016,Drama/thriller,1757
36638,Shivaay,2016,Drama/action,1758
36639,Ae Dil Hai Mushkil,2016,Drama,1759
36640,Chaar Sahibzaade: Rise of Banda Singh Bahadur,2016,Animation,1760
36641,Dongari Ka Raja,2016,Action/thriller,1761
36642,Ishq Junoon,2016,Romantic/erotic,1762
36643,Rock On 2,2016,Drama,1763
36644,Tum Bin 2,2016,Romance,1764
36645,Force 2,2016,Action,1765
36646,"Dear Zindagi
",2016,Drama,1766
36647,Saansein,2016,Romantic/horror,1767
36648,"Moh Maya Money
",2016,Crime drama,1768
36649,Kahaani 2,2016,Thriller,1769
36650,Befikre,2016,Romance,1770
36651,Wajah Tum Ho,2016,Romance/drama,1771
36652,Dangal,2016,Biopic,1772
36653,Haraamkhor,2017,Comedy/Crime,1773
36654,Ok Jaanu,2017,Romance/Drama,1774
36655,Coffee with D,2017,Comedy/crime,1775
36656,Kaabil,2017,Action/thriller,1776
36657,Raees,2017,Crime/action,1777
36658,Hind Ka Napak Ko Jawab: MSG Lion Heart 2,2017,Action/drama,1778
36659,Jolly LLB 2,2017,Drama,1779
36660,"U, Me Aur Ghar",2017,Romance/Drama,1780
36661,Runningshaadi.com,2017,Comedy,1781
36662,The Ghazi Attack,2017,Action,1782
36663,Irada,2017,Thriller/drama,1783
36664,Chauhar,2017,Romance,1784
36665,Rangoon,2017,War/drama,1785
36666,Wedding Anniversary,2017,Romance/thriller,1786
36667,Mona Darling,2017,Thriller,1787
36668,Commando 2,2017,Action,1788
36669,Jeena Isi Ka Naam Hai,2017,Romance/drama,1789
36670,Badrinath Ki Dulhania,2017,Romance/comedy,1790
36671,Aa Gaya Hero,2017,Action/comedy,1791
36672,Trapped,2017,Drama/Thriller,1792
36673,Mantra,2017,Drama/Family,1793
36674,Machine,2017,Romance/thriller,1794
36675,Phillauri,2017,Romance/comedy,1795
36676,Bhanwarey,2017,Comedy,1796
36677,Anaarkali,2017,Drama,1797
36678,Naam Shabana,2017,Action/thriller,1798
36679,Poorna: Courage Has No Limit,2017,Adventure,1799
36680,Laali Ki Shaadi Mein Laaddoo Deewana,2017,Romance/drama,1800
36681,Mirza Juuliet,2017,Romance/action,1801
36682,Mukti Bhawan,2017,Drama,1802
36684,Begum Jaan,2017,Period drama,1803
36685,Romeo-N-Bullet,2017,Romance,1804
36686,Noor,2017,Comedy/drama,1805
36687,Ek Thi Rani Aisi Bhi,2017,Biopic,1806
36688,Maatr,2017,Thriller/drama,1807
36689,Ajab Singh Ki Gajab Kahani,2017,Thriller/drama,1808
36690,Mantostaan,2017,Anthology/drama,1809
36691,Meri Pyaari Bindu,2017,Romance,1810
36692,Sarkar 3,2017,Political crime thriller,1811
36693,Half Girlfriend,2017,Romance/drama,1812
36694,Jattu Engineer,2017,Comedy,1813
36695,Hindi Medium,2017,Comedy/drama,1814
36696,Chakallaspur,2017,Romance/drama,1815
36697,Sachin: A Billion Dreams,2017,Biopic,1816
36698,Thodi Thodi Si Manmaaniyan,2017,Romance/drama,1817
36699,A Death in the Gunj,2017,Crime/drama,1818
36700,Hanuman: Da' Damdaar,2017,Animation,1819
36701,Sweetiee Weds NRI,2017,Romance/comedy,1820
36702,Dobaara: See Your Evil,2017,Horror,1821
36703,Flat 211,2017,Suspense/Mystery,1822
36704,Dear Maya,2017,Thriller/drama,1823
36705,Raabta,2017,Romance/thriller,1824
36706,Behen Hogi Teri,2017,Romance/comedy,1825
36708,Love You Family,2017,Drama,1826
36709,G Kutta Se,2017,Drama,1827
36710,Bank Chor,2017,Comedy/Thriller,1828
36711,Tubelight,2017,Action/drama,1829
36712,Ek Haseena Thi Ek Deewana Tha,2017,Romance,1830
36713,Mom,2017,Thriller/drama,1831
36714,Guest Iin London,2017,Comedy,1832
36715,Jagga Jasoos,2017,Comedy/romance,1833
36716,Shab,2017,Drama,1834
36717,Lipstick Under My Burkha,2017,Sex/drama,1835
36718,Munna Michael,2017,Action/romance,1836
36719,Raag Desh : Birth Of A Nation,2017,Period drama/action,1837
36720,Indu Sarkar,2017,Drama,1838
36721,Mubarakan,2017,Comedy/romance,1839
36722,Gurgaon,2017,Neo-noir,1840
36723,Jab Harry Met Sejal,2017,Romance,1841
36724,Toilet: Ek Prem Katha,2017,Comedy/drama,1842
36725,Partition: 1947,2017,Drama,1843
36726,Bareilly Ki Barfi,2017,Comedy/romance,1844
36727,A Gentleman,2017,Action/romance,1845
36728,Babumoshai Bandookbaaz,2017,Action,1846
36729,Yadvi – The Dignified Princess,2017,Drama,1847
36730,Qaidi Band,2017,Musical/drama,1848
36731,"Baadshaho
",2017,Action/crime Thriller,1849
36732,Shubh Mangal Savdhan,2017,Drama/Comedy,1850
36733,Poster Boys,2017,Comedy,1851
36734,Daddy,2017,Crime/drama,1852
36735,Simran,2017,Drama,1853
36736,Lucknow Central,2017,Drama,1854
36737,Patel Ki Punjabi Shaadi,2017,Comedy/drama,1855
36738,Newton,2017,Dark comedy,1856
36739,Bhoomi,2017,Action/drama,1857
36740,The Final Exit,2017,Horror,1858
36741,JD,2017,Drama/thriller,1859
36742,Haseena Parkar,2017,Biographic,1860
36743,Judwaa 2,2017,Action/comedy,1861
36744,Tu Hai Mera Sunday,2017,Romantic comedy,1862
36745,Chef,2017,Comedy,1863
36746,Babuji Ek Ticket Bambai,2017,Social drama,1864
36747,Main Terrorist Nahi Hoon,2017,Action,1865
36748,Ranchi Diaries,2017,Drama/thriller,1866
36749,Secret Superstar,2017,Musical drama,1867
36750,Golmaal Again,2017,Comedy,1868
36751,Jia aur Jia,2017,Road film,1869
36752,Rukh,2017,Drama,1870
36754,The House Next Door,2017,Horror,1871
36755,Ribbon,2017,Drama,1872
36756,Shaadi Mein Zaroor Aana,2017,Romance/drama,1873
36757,Qarib Qarib Singlle,2017,Romance/comedy,1874
36758,The Window,2017,Suspense thriller,1875
36759,"Aksar 2
",2017,Thriller,1876
36760,Panchlait,2017,Romantic comedy,1877
36761,Tumhari Sulu,2017,Social/Comedy,1878
36762,Dil Jo Na Keh Saka,2017,Romantic drama,1879
36763,Julie 2,2017,Erotic thriller,1880
36764,Ajji,2017,Drama,1881
36765,Kadvi Hawa,2017,Drama/disaster,1882
36766,Saankal,2017,Drama,1883
36767,Tera Intezaar,2017,Romantic thriller,1884
36768,Firangi,2017,Comedy,1885
36769,Fukrey Returns,2017,Comedy,1886
36770,Game Over,2017,Suspense/thriller,1887
36771,Sallu ki Shaadi,2017,Comedy drama,1888
36773,Tiger Zinda Hai,2017,Action/drama,1889
36774,1921,2018,Horror,1890
36775,Kaalakaandi,2018,Dark comedy,1891
36776,Mukkabaaz,2018,Drama,1892
36777,My Birthday Song,2018,"Psychological,Thriller",1893
36778,Vodka Diaries,2018,"Suspense,Thriller",1894
36779,Nirdosh,2018,Thriller,1895
36780,Union Leader,2018,Drama,1896
36781,Padmaavat,2018,drama,1897
36782,Pad Man,2018,"Comedy,Drama",1898
36783,Love Per Square Foot,2018,"Romantic,Comedy",1899
36784,Aiyaary,2018,Drama,1900
36785,Kuchh Bheege Alfaaz,2018,Romance,1901
36786,Jaane Kyun De Yaaron,2018,Drama,1902
36787,Sonu Ke Titu Ki Sweety,2018,Drama,1903
36788,Welcome To New York,2018,Comedy,1904
36789,Pari,2018,Thriller,1905
36790,Veerey Ki Wedding,2018,Drama,1906
36791,Billu Ustaad,2018,Drama,1907
36792,Hate Story 4,2018,thriller,1908
36793,Dil Juunglee,2018,Romantic/ Comedy,1909
36794,3 Storeys,2018,Thriller,1910
36795,Note Pe Chot at 8/11,2018,Satire/ Comedy,1911
36796,Raid,2018,"Action, thriller",1912
36797,Raja Abroadiya,2018,Comedy,1913
36798,Hichki,2018,Drama,1914
36799,Pareshaan Parinda,2018,Thriller,1915
36800,Baa Baaa Black Sheep,2018,Comedy,1916
36801,Shaadi Teri Bajayenge Hum Band,2018,Comedy,1917
36802,Baaghi 2,2018,Action/Romance,1918
36803,Missing,2018,"Psychological,Thriller",1919
36804,Mercury,2018,Thriller,1920
36805,Zoo,2018,Drama,1921
36806,Beyond the Clouds,2018,Drama,1922
36807,Nanu Ki Jaanu,2018,Comedy,1923
36808,Daas Dev,2018,"Romantic,thriller",1924
36809,Ishq Tera,2018,Thriller,1925
36810,Our Heroes,2018,Action,1926
36811,102 Not Out,2018,Comedy,1927
36812,Omerta,2018,"Crime,Drama",1928
36813,Raazi,2018,Thriller,1929
36814,The Past,2018,"Horror,Thriller",1930
36815,Hope Aur Hum,2018,Drama,1931
36816,Falooda,2018,Comedy,1932
36817,Bhootwali Love Story,2018,"Horror,Comedy",1933
36818,High Jack,2018,Comedy,1934
36819,Khajoor Pe Atke,2018,Comedy,1935
36820,Parmanu: The Story Of Pokhran,2018,Action/drama,1936
36821,One Night Out,2018,"Suspense,thriller",1937
36822,Bioscopewala,2018,Drama,1938
36823,Veere Di Wedding,2018,"Romantic,comedy",1939
36824,Bhavesh Joshi Superhero,2018,Action,1940
36825,Phamous,2018,Drama/Action,1941
36826,Race 3,2018,Thriller,1942
36827,Sanju,2018,Biopic,1943
36828,Soorma,2018,Biopic,1944
36829,When Obama Loved Osama,2018,Comedy,1945
36830,Dhadak,2018,Drama,1946
36831,Ekta,2018,Horror/Thriller,1947
36832,"Saheb, Biwi Aur Gangster 3",2018,Drama,1948
36833,Nawabzaade,2018,"Romantic,Comedy",1949
36834,Fanney Khan,2018,"Musical,comedy",1950
36835,Mulk,2018,Drama,1951
36836,Brij Mohan Amar Rahe!,2018,"Crime,Comedy",1952
36837,Laxmi and Tikli Bomb,2018,Drama,1953
36838,Karwaan,2018,Comedy,1954
36839,Gold,2018,Sports/Drama,1955
36840,Satyameva Jayate,2018,Action/Thriller,1956
36841,Happy Phirr Bhag Jayegi,2018,Comedy,1957
36842,Genius,2018,,1958
36843,Yamla Pagla Deewana: Phir Se,2018,Comedy,1959
36844,Stree,2018,"Horror,Comedy",1960
36845,Paltan,2018,Action/War,1961
36846,Laila Majnu,2018,Drama/Romance,1962
36847,Gali Guleiyan,2018,"Psychological,drama",1963
36848,Halkaa,2018,Drama,1964
36849,Manmarziyaan,2018,Romantic/Drama,1965
36850,Love Sonia,2018,Drama,1966
36851,Turning Point,2018,Action/Drama/Musical,1967
36852,Bajra vs Burger,2018,Comedy,1968
36853,Kathor,2018,Drama,1969
36854,22 Days,2018,Drama,1970
36855,Mitron,2018,Comedy,1971
36856,Batti Gul Meter Chalu,2018,"Romance, Social,Drama",1972
36857,Manto,2018,Biographical,1973
36858,Ishqeria,2018,Romance,1974
36859,Sui Dhaaga,2018,"Romance, Social,Drama",1975
36860,Pataakha,2018,Drama,1976
36861,Loveyatri,2018,Romantic,1977
36862,Andhadhun,2018,thriller,1978
36863,Jalebi,2018,Romance,1979
36864,Helicopter Eela,2018,Drama,1980
36865,Maal road dilli,2018,Drama,1981
36866,FryDay,2018,Comedy,1982
36867,Tumbbad,2018,"Suspense,Thriller",1983
36868,Namaste England,2018,"romance,comedy",1984
36869,Badhaai Ho,2018,"romance,comedy",1985
36870,Baazaar,2018,Crime,1986
36871,5 Weddings,2018,"Comedy, Romance, Drama",1987
36872,Kaashi in Search of Ganga,2018,Suspense thriller,1988
36873,Dassehra,2018,"Action,Thriller",1989
36874,The Journey of Karma,2018,thriller,1990
36875,Lupt,2018,Horror,1991
36876,Jack and Dil,2018,Comedy,1992
36877,Mausam Ikrar Ke Do Pal Pyaar Ke,2018,"Romance,Family,Drama",1993
36878,Thugs of Hindostan,2018,action/adventure,1994
36879,Mohalla Assi,2018,Drama,1995
36880,Pihu,2018,Thriller,1996
36881,Hotel Milan,2018,Comedy,1997
36882,Bhaiaji Superhit,2018,Action/Comedy,1998
36883,Rajma Chawal,2018,Drama,1999
36884,Kedarnath,2018,Drama,2000
36885,PK Lele A Salesman,2018,Adult-comedy,2001
36886,Zero,2018,Comedy/drama,2002
36887,Simmba,2018,Action Comedy,2003
36888,Uri: The Surgical Strike,2019,Action,2004
36889,Battalion 609,2019,Action,2005
36890,The Accidental Prime Minister,2019,Biopic,2006
36891,Why Cheat India,2019,Drama,2007
36892,Fraud Saiyaan,2019,Comedy,2008
36893,Soni,2019,"Crime, Drama",2009
36894,72 Hours: Martyr Who Never Died,2019,"Biography,Drama",2010
36895,Bombairiya,2019,comedy,2011
36896,Rangeela Raja,2019,Comedy,2012
36897,The Lift Boy,2019,Drama/ Coming of Age,2013
36898,Thackeray,2019,Biographical,2014
36899,Manikarnika: The Queen of Jhansi,2019,Biographical,2015
36900,Ek Ladki Ko Dekha Toh Aisa Laga,2019,Romance,2016
36901,The Fakir of Venice,2019,Drama,2017
36902,Gully Boy,2019,Biopic,2018
36903,Hum Chaar,2019,Drama,2019
36904,Total Dhamaal,2019,Comedy,2020
36905,Luka Chuppi,2019,"Romance, comedy",2021
36906,Sonchiriya,2019,"Crime,Drama",2022
36907,Badla,2019,Drama /Thriller,2023
36908,Hamid,2019,Drama,2024
36909,Photograph,2019,Drama,2025
36910,Milan Talkies,2019,Drama,2026
36911,Mere Pyare Prime Minister,2019,"Social ,Drama",2027
36912,Kesari,2019,Drama/historical,2028
36913,Mard Ko Dard Nahi Hota,2019,Action Comedy,2029
36914,Notebook,2019,Drama,2030
36915,Junglee,2019,Action,2031
36916,Romeo Akbar Walter,2019,"Action, thriller",2032
36917,Albert Pinto Ko Gussa Kyun Aata Hai?,2019,Thriller,2033
36918,The Tashkent Files,2019,Thriller,2034
36919,Kalank,2019,Period drama / thriller,2035
36920,Blank,2019,Action Thriller,2036
36921,Setters,2019,Thriller,2037
36922,Student of the Year 2,2019,Romantic comedy,2038
36923,De De Pyaar De,2019,Romantic comedy,2039
36924,India's Most Wanted,2019,Thriller,2040
36925,PM Narendra Modi,2019,Biopic,2041
36926,Bharat,2019,Drama,2042
36927,Khamoshi,2019,Horror,2043
36928,Kabir Singh,2019,Drama,2044
36929,Article 15,2019,Drama/ Thriller,2045
36930,Malaal,2019,Romance,2046
36931,One Day: Justice Delivered,2019,"Action ,Thriller",2047
36932,Hume Tumse Pyaar Kitna,2019,"Romance, thriller",2048
36933,Super 30,2019,Biopic,2049
36934,Family of Thakurganj,2019,"Family, Drama",2050
36935,Jhootha Kahin Ka,2019,Comedy,2051
36936,Judgementall Hai Kya,2019,"Thriller, Comedy",2052
36937,Arjun Patiala,2019,"Romance, Comedy",2053
36938,Khandaani Shafakhana,2019,Comedy,2054
36939,Jabariya Jodi,2019,"Romance, Comedy",2055
36940,Chicken Curry Law,2019,Drama,2056
36941,Pranaam,2019,Action,2057
36942,Batla House,2019,Action,2058
36943,Mission Mangal,2019,Drama,2059
36944,Saaho,2019,Action,2060
36945,Chhichhore,2019,"Comedy,Drama",2061
36946,Dream Girl,2019,Comedy,2062
36947,Section 375,2019,"crime, thriller",2063
36948,The Zoya Factor,2019,Drama,2064
36949,Pal Pal Dil Ke Paas,2019,Drama/Romance,2065
36950,Prassthanam,2019,Drama,2066
36951,Jhalki,2019,Drama,2067
36952,War,2019,"Action, Thriller",2068
36953,The Sky Is Pink,2019,Biopic,2069
36954,Lootcase,2019,"Comedy, Drama",2070
36955,P Se Pyaar F Se Faraar,2019,Drama,2071
36956,Laal Kaptaan,2019,Action,2072
36957,Yaaram,2019,"Romance,drama",2073
36958,Housefull 4,2019,Comedy,2074
36959,Saand Ki Aankh,2019,Biopic,2075
36960,Made In China,2019,Comedy,2076
36961,Bypass Road,2019,Horror Thriller,2077
36962,Marjaavaan,2019,Action/Romance,2078
36963,Shikara - A Love Letter from Kashmir,2019,Historical/Romance,2079
36964,Bala,2019,Black Comedy,2080
36965,Pagalpanti,2019,Comedy,2081
36966,Dil Bechara,2019,"Romance,drama",2082
36967,Jawaani Jaaneman,2019,"Romance,drama",2083
36968,Panipat,2019,Action/battle,2084
36969,"Pati, Patni Aur Woh",2019,Comedy,2085
36970,Mardaani 2,2019,"Crime,Thriller",2086
36971,Dabangg 3,2019,Action,2087
36972,Good News,2019,Comedy,2088
